screen	depth	path	element_type	element_name	partition	references_widget	h_anchor_start	h_anchor_end	h_offset_start	h_offset_end	h_pivot	h_weight	v_anchor_start	v_anchor_end	v_offset_start	v_offset_end	v_pivot	v_weight	width	height	fit_w	fit_h	visible	pad_l	pad_t	pad_r	pad_b	stack_orientation	item_spacing	size_dist	space_dist	x	y	w	h	w_source	h_source	exact
common/ui/weapons/screens/menuweaponscreen	0	Default	RimeLayerEntityData	Default	common/ui/weapons/screens/menuweaponscreen																											0.000	0.000	1920.000	1080.000	root	root	yes
common/ui/weapons/screens/menuweaponscreen	1	Default/CL_ReadabilityFadeBackgroundVisual	ca959de9-1107-7900-4a87-49f1b9a90f90	CL_ReadabilityFadeBackgroundVisual	common/ui/weapons/screens/menuweaponscreen	common/ui/componentlibrary/shared/visual/cl_readabilityfadebackgroundvisual	0.0	1.0	0.0	0.0	0.5	0.0	0.0	1.0	0.0	0.0	0.5	0.0	1920.0	1080.0	0	0	1	0	0	0	0					0.000	0.000	1920.000	1080.000	stretch	stretch	yes
common/ui/weapons/screens/menuweaponscreen	2	Default/CL_ReadabilityFadeBackgroundVisual/[FlowDirection] Container	RimeContainerElementData	[FlowDirection] Container	common/ui/componentlibrary/shared/visual/cl_readabilityfadebackgroundvisual		0.0	1.0	0.0	0.0	0.5	0.0	0.0	1.0	0.0	0.0	0.5	0.0	256.0	256.0	0	0	1	0	0	0	0					0.000	0.000	1920.000	1080.000	stretch	stretch	yes
common/ui/weapons/screens/menuweaponscreen	3	Default/CL_ReadabilityFadeBackgroundVisual/[FlowDirection] Container/[Stretch Container] BottomStretchGradientFill	RimeViewportStretchContainerElementData	[Stretch Container] BottomStretchGradientFill	common/ui/componentlibrary/shared/visual/cl_readabilityfadebackgroundvisual		0.0	1.0	0.0	0.0	0.5	0.0	1.0	1.0	0.0	0.0	1.0	1.0	154.0	256.0	0	0	1	0	0	0	0					0.000	824.000	1920.000	256.000	stretch	authored	yes
common/ui/weapons/screens/menuweaponscreen	4	Default/CL_ReadabilityFadeBackgroundVisual/[FlowDirection] Container/[Stretch Container] BottomStretchGradientFill/[Fill] Bottom	RimeFillElementData	[Fill] Bottom	common/ui/componentlibrary/shared/visual/cl_readabilityfadebackgroundvisual		0.0	1.0	0.0	0.0	0.5	0.0	0.0	1.0	0.0	0.0	0.5	0.0	256.0	256.0	0	0	1	0	0	0	0					0.000	824.000	1920.000	256.000	stretch	stretch	yes
common/ui/weapons/screens/menuweaponscreen	3	Default/CL_ReadabilityFadeBackgroundVisual/[FlowDirection] Container/[Stretch Container] RightStretchFill	RimeViewportStretchContainerElementData	[Stretch Container] RightStretchFill	common/ui/componentlibrary/shared/visual/cl_readabilityfadebackgroundvisual		1.0	1.0	0.0	0.0	1.0	1.0	0.0	1.0	0.0	0.0	0.5	0.0	0.0	1080.0	0	0	1	0	0	0	0					1920.000	0.000	0.000	1080.000	authored	stretch	yes
common/ui/weapons/screens/menuweaponscreen	4	Default/CL_ReadabilityFadeBackgroundVisual/[FlowDirection] Container/[Stretch Container] RightStretchFill/RightStretchFill	RimeFillElementData	RightStretchFill	common/ui/componentlibrary/shared/visual/cl_readabilityfadebackgroundvisual		0.0	1.0	0.0	0.0	0.5	0.0	0.0	1.0	0.0	0.0	0.5	0.0	256.0	256.0	0	0	1	0	0	0	0					1920.000	0.000	0.000	1080.000	stretch	stretch	yes
common/ui/weapons/screens/menuweaponscreen	4	Default/CL_ReadabilityFadeBackgroundVisual/[FlowDirection] Container/[Stretch Container] RightStretchFill/[Fill] Stretched Right Gradient Fill	RimeFillElementData	[Fill] Stretched Right Gradient Fill	common/ui/componentlibrary/shared/visual/cl_readabilityfadebackgroundvisual		1.0	1.0	0.0	0.0	1.0	1.0	0.0	1.0	0.0	0.0	0.5	0.0	768.0	1080.0	0	0	0	0	0	0	0					1152.000	0.000	768.000	1080.000	authored	stretch	yes
common/ui/weapons/screens/menuweaponscreen	3	Default/CL_ReadabilityFadeBackgroundVisual/[FlowDirection] Container/[Stretch Container] RightGradientFill	RimeViewportStretchContainerElementData	[Stretch Container] RightGradientFill	common/ui/componentlibrary/shared/visual/cl_readabilityfadebackgroundvisual		1.0	1.0	0.0	0.0	1.0	1.0	0.0	1.0	0.0	0.0	0.5	0.0	256.0	256.0	0	0	1	0	0	0	0					1664.000	0.000	256.000	1080.000	authored	stretch	yes
common/ui/weapons/screens/menuweaponscreen	4	Default/CL_ReadabilityFadeBackgroundVisual/[FlowDirection] Container/[Stretch Container] RightGradientFill/[Fill] Right Gradient Fill	RimeFillElementData	[Fill] Right Gradient Fill	common/ui/componentlibrary/shared/visual/cl_readabilityfadebackgroundvisual		1.0	1.0	0.0	0.0	1.0	1.0	0.0	1.0	0.0	0.0	0.5	0.0	768.0	1080.0	0	0	1	0	0	0	0					1152.000	0.000	768.000	1080.000	authored	stretch	yes
common/ui/weapons/screens/menuweaponscreen	3	Default/CL_ReadabilityFadeBackgroundVisual/[FlowDirection] Container/[Stretch Container] LeftStretchFill	RimeViewportStretchContainerElementData	[Stretch Container] LeftStretchFill	common/ui/componentlibrary/shared/visual/cl_readabilityfadebackgroundvisual		0.0	0.0	0.0	0.0	0.0	1.0	0.0	1.0	0.0	0.0	0.5	0.0	0.0	1080.0	0	0	1	0	0	0	0					0.000	0.000	0.000	1080.000	authored	stretch	yes
common/ui/weapons/screens/menuweaponscreen	4	Default/CL_ReadabilityFadeBackgroundVisual/[FlowDirection] Container/[Stretch Container] LeftStretchFill/LeftStretchFill	RimeFillElementData	LeftStretchFill	common/ui/componentlibrary/shared/visual/cl_readabilityfadebackgroundvisual		0.0	1.0	0.0	0.0	0.5	0.0	0.0	1.0	0.0	0.0	0.5	0.0	256.0	256.0	0	0	1	0	0	0	0					0.000	0.000	0.000	1080.000	stretch	stretch	yes
common/ui/weapons/screens/menuweaponscreen	3	Default/CL_ReadabilityFadeBackgroundVisual/[FlowDirection] Container/[Stretch Container] LeftGradientFill	RimeViewportStretchContainerElementData	[Stretch Container] LeftGradientFill	common/ui/componentlibrary/shared/visual/cl_readabilityfadebackgroundvisual		0.0	0.0	0.0	0.0	0.0	1.0	0.0	1.0	0.0	0.0	0.5	0.0	256.0	256.0	0	0	1	0	0	0	0					0.000	0.000	256.000	1080.000	authored	stretch	yes
common/ui/weapons/screens/menuweaponscreen	4	Default/CL_ReadabilityFadeBackgroundVisual/[FlowDirection] Container/[Stretch Container] LeftGradientFill/[Fill] Left Gradient Fade	RimeFillElementData	[Fill] Left Gradient Fade	common/ui/componentlibrary/shared/visual/cl_readabilityfadebackgroundvisual		0.0	0.0	0.0	0.0	0.0	1.0	0.0	1.0	0.0	0.0	0.5	0.0	960.0	1080.0	0	0	1	0	0	0	0					0.000	0.000	960.000	1080.000	authored	stretch	yes
common/ui/weapons/screens/menuweaponscreen	1	Default/MetaCustomization_AbilityStatsView	ca959de9-1107-7900-4a87-49f1b9a90f90	MetaCustomization_AbilityStatsView	common/ui/weapons/screens/menuweaponscreen	common/ui/metacore/metacustomization/views/metacustomization_abilitystatsview	0.0	1.0	0.0	0.0	0.5	0.0	0.0	1.0	0.0	0.0	0.5	0.0	1920.0	1080.0	0	0	1	0	0	0	0					0.000	0.000	1920.000	1080.000	stretch	stretch	yes
common/ui/weapons/screens/menuweaponscreen	2	Default/MetaCustomization_AbilityStatsView/Container	RimeContainerElementData	Container	common/ui/metacore/metacustomization/views/metacustomization_abilitystatsview		0.5	0.5	0.0	0.0	0.5	1.0	1.0	1.0	0.0	0.0	1.0	1.0	1920.0	256.0	0	0	1	0	0	0	0					0.000	824.000	1920.000	256.000	authored	authored	yes
common/ui/weapons/screens/menuweaponscreen	3	Default/MetaCustomization_AbilityStatsView/Container/AbilityAttributes	ca959de9-1107-7900-4a87-49f1b9a90f90	AbilityAttributes	common/ui/metacore/metacustomization/views/metacustomization_abilitystatsview	common/ui/weaponcustomization/widgets/weaponattributes	1.0	1.0	-108.0	108.0	1.0	1.0	1.0	1.0	-72.0	72.0	1.0	1.0	500.0	580.0	0	1	1	0	0	0	0					1312.000	428.000	500.000	580.000	authored	content	no
common/ui/weapons/screens/menuweaponscreen	4	Default/MetaCustomization_AbilityStatsView/Container/AbilityAttributes/Weapon Stats Main Container	RimeContainerElementData	Weapon Stats Main Container	common/ui/weaponcustomization/widgets/weaponattributes		1.0	1.0	0.0	0.0	1.0	1.0	1.0	1.0	0.0	0.0	1.0	1.0	488.0	438.0	0	1	1	0	0	0	0					1324.000	248.000	488.000	760.000	authored	content	no
common/ui/weapons/screens/menuweaponscreen	5	Default/MetaCustomization_AbilityStatsView/Container/AbilityAttributes/Weapon Stats Main Container/Vertical Stack Container	RimeStackContainerElementData	Vertical Stack Container	common/ui/weaponcustomization/widgets/weaponattributes		0.0	1.0	0.0	0.0	0.5	0.0	1.0	1.0	0.0	0.0	1.0	1.0	256.0	256.0	0	1	1	0	0	0	0	1	26.0	0	0	1324.000	248.000	488.000	760.000	stretch	content	no
common/ui/weapons/screens/menuweaponscreen	6	Default/MetaCustomization_AbilityStatsView/Container/AbilityAttributes/Weapon Stats Main Container/Vertical Stack Container/BorderContainer	RimeContainerElementData	BorderContainer	common/ui/weaponcustomization/widgets/weaponattributes		0.0	1.0	0.0	0.0	0.5	0.0	0.0	0.0	0.0	0.0	0.0	1.0	32.0	32.0	0	1	1	0	0	0	0					1324.000	248.000	488.000	478.000	stretch	content	no
common/ui/weapons/screens/menuweaponscreen	7	Default/MetaCustomization_AbilityStatsView/Container/AbilityAttributes/Weapon Stats Main Container/Vertical Stack Container/BorderContainer/PP_FrontendBase	ca959de9-1107-7900-4a87-49f1b9a90f90	PP_FrontendBase	common/ui/weaponcustomization/widgets/weaponattributes	common/ui/componentlibrary/shared/visual/cl_frontendbase	0.0	1.0	-4.0	-4.0	0.5	0.0	0.0	1.0	5.0	-13.0	0.5	0.0	256.0	256.0	0	0	1	0	0	0	0					1320.000	253.000	496.000	486.000	stretch	stretch	yes
common/ui/weapons/screens/menuweaponscreen	8	Default/MetaCustomization_AbilityStatsView/Container/AbilityAttributes/Weapon Stats Main Container/Vertical Stack Container/BorderContainer/PP_FrontendBase/BackgroundBlur	RimeBlurElementData	BackgroundBlur	common/ui/componentlibrary/shared/visual/cl_frontendbase		0.0	1.0	0.0	0.0	0.5	0.0	0.0	1.0	0.0	0.0	0.5	0.0	256.0	580.0	0	0	0	0	0	0	0					1320.000	253.000	496.000	486.000	stretch	stretch	yes
common/ui/weapons/screens/menuweaponscreen	8	Default/MetaCustomization_AbilityStatsView/Container/AbilityAttributes/Weapon Stats Main Container/Vertical Stack Container/BorderContainer/PP_FrontendBase/CB_FillVisual	ca959de9-1107-7900-4a87-49f1b9a90f90	CB_FillVisual	common/ui/componentlibrary/shared/visual/cl_frontendbase	common/ui/componentlibrary/shared/visual/cb_fillvisual	0.0	1.0	0.0	0.0	0.5	0.0	0.0	1.0	0.0	0.0	0.5	0.0	256.0	256.0	0	0	1	0	0	0	0					1320.000	253.000	496.000	486.000	stretch	stretch	yes
common/ui/weapons/screens/menuweaponscreen	9	Default/MetaCustomization_AbilityStatsView/Container/AbilityAttributes/Weapon Stats Main Container/Vertical Stack Container/BorderContainer/PP_FrontendBase/CB_FillVisual/BaseFill	RimeFillElementData	BaseFill	common/ui/componentlibrary/shared/visual/cb_fillvisual		0.0	1.0	0.0	0.0	0.5	0.0	0.0	1.0	0.0	0.0	0.5	0.0	256.0	256.0	0	0	1	0	0	0	0					1320.000	253.000	496.000	486.000	stretch	stretch	yes
common/ui/weapons/screens/menuweaponscreen	9	Default/MetaCustomization_AbilityStatsView/Container/AbilityAttributes/Weapon Stats Main Container/Vertical Stack Container/BorderContainer/PP_FrontendBase/CB_FillVisual/PrimaryFill	RimeFillElementData	PrimaryFill	common/ui/componentlibrary/shared/visual/cb_fillvisual		0.0	1.0	0.0	0.0	0.5	0.0	0.0	1.0	0.0	0.0	0.5	0.0	256.0	256.0	0	0	1	0	0	0	0					1320.000	253.000	496.000	486.000	stretch	stretch	yes
common/ui/weapons/screens/menuweaponscreen	7	Default/MetaCustomization_AbilityStatsView/Container/AbilityAttributes/Weapon Stats Main Container/Vertical Stack Container/BorderContainer/InfoContainer	RimeStackContainerElementData	InfoContainer	common/ui/weaponcustomization/widgets/weaponattributes		0.5	0.5	0.0	0.0	0.5	1.0	0.5	0.5	0.0	0.0	0.5	1.0	448.0	278.0	0	1	1	0	0	0	0	1	0.0	0	0	1344.000	248.000	448.000	478.000	authored	content	no
common/ui/weapons/screens/menuweaponscreen	8	Default/MetaCustomization_AbilityStatsView/Container/AbilityAttributes/Weapon Stats Main Container/Vertical Stack Container/BorderContainer/InfoContainer/MainInfoContainer	RimeContainerElementData	MainInfoContainer	common/ui/weaponcustomization/widgets/weaponattributes		0.5	0.5	0.0	0.0	0.5	1.0	0.0	0.0	27.0	-27.0	0.0	1.0	448.0	230.0	0	0	1	0	0	0	0					1344.000	248.000	448.000	230.000	authored	authored	yes
common/ui/weapons/screens/menuweaponscreen	9	Default/MetaCustomization_AbilityStatsView/Container/AbilityAttributes/Weapon Stats Main Container/Vertical Stack Container/BorderContainer/InfoContainer/MainInfoContainer/ProgressBarList	2420ee41-1c4d-38bd-4203-777f31cf9c9a	ProgressBarList	common/ui/weaponcustomization/widgets/weaponattributes		1.0	1.0	0.0	0.0	1.0	1.0	0.0	0.0	0.0	0.0	0.0	1.0	320.0	36.0	0	1	1	0	8	0	8					1472.000	248.000	320.000	36.000	authored	content	no
common/ui/weapons/screens/menuweaponscreen	9	Default/MetaCustomization_AbilityStatsView/Container/AbilityAttributes/Weapon Stats Main Container/Vertical Stack Container/BorderContainer/InfoContainer/MainInfoContainer/LeftColumnList	2420ee41-1c4d-38bd-4203-777f31cf9c9a	LeftColumnList	common/ui/weaponcustomization/widgets/weaponattributes		0.0	0.0	0.0	0.0	0.0	1.0	0.0	0.0	12.0	-12.0	0.0	1.0	90.0	204.0	1	0	1	0	0	0	0					1344.000	260.000	90.000	204.000	content	authored	no
common/ui/weapons/screens/menuweaponscreen	8	Default/MetaCustomization_AbilityStatsView/Container/AbilityAttributes/Weapon Stats Main Container/Vertical Stack Container/BorderContainer/InfoContainer/FlowDirectionIconizedAttributesListContainer	RimeContainerElementData	FlowDirectionIconizedAttributesListContainer	common/ui/weaponcustomization/widgets/weaponattributes		0.0	1.0	0.0	0.0	0.5	0.0	0.0	0.0	0.0	0.0	0.0	1.0	256.0	256.0	0	1	1	0	0	0	0					1344.000	478.000	448.000	68.000	stretch	content	no
common/ui/weapons/screens/menuweaponscreen	9	Default/MetaCustomization_AbilityStatsView/Container/AbilityAttributes/Weapon Stats Main Container/Vertical Stack Container/BorderContainer/InfoContainer/FlowDirectionIconizedAttributesListContainer/IconizedAttributesList	2420ee41-1c4d-38bd-4203-777f31cf9c9a	IconizedAttributesList	common/ui/weaponcustomization/widgets/weaponattributes		1.0	1.0	12.0	-12.0	1.0	1.0	0.0	0.0	12.0	-12.0	0.0	1.0	320.0	68.0	1	0	1	0	0	0	0					1484.000	490.000	320.000	68.000	content	authored	no
common/ui/weapons/screens/menuweaponscreen	8	Default/MetaCustomization_AbilityStatsView/Container/AbilityAttributes/Weapon Stats Main Container/Vertical Stack Container/BorderContainer/InfoContainer/CB_DashedLineHorizontal	ca959de9-1107-7900-4a87-49f1b9a90f90	CB_DashedLineHorizontal	common/ui/weaponcustomization/widgets/weaponattributes	common/ui/componentlibrary/shared/visual/cb_dashedlinehorizontal	0.0	1.0	0.0	0.0	0.5	0.0	0.0	0.0	0.0	0.0	0.0	1.0	152.0	2.0	0	0	1	0	20	0	0					1344.000	546.000	448.000	2.000	stretch	authored	yes
common/ui/weapons/screens/menuweaponscreen	9	Default/MetaCustomization_AbilityStatsView/Container/AbilityAttributes/Weapon Stats Main Container/Vertical Stack Container/BorderContainer/InfoContainer/CB_DashedLineHorizontal/[RimeProgressBar] DashedLine	RimeProgressBarElementData	[RimeProgressBar] DashedLine	common/ui/componentlibrary/shared/visual/cb_dashedlinehorizontal		0.0	1.0	0.0	0.0	0.5	0.0	0.5	0.5	0.0	0.0	0.5	1.0	2.0	2.0	0	0	1	0	0	0	0					1344.000	556.000	448.000	2.000	stretch	authored	yes
common/ui/weapons/screens/menuweaponscreen	8	Default/MetaCustomization_AbilityStatsView/Container/AbilityAttributes/Weapon Stats Main Container/Vertical Stack Container/BorderContainer/InfoContainer/Extended List	ca959de9-1107-7900-4a87-49f1b9a90f90	Extended List	common/ui/weaponcustomization/widgets/weaponattributes	common/ui/weaponcustomization/widgets/weaponattributes_extendedlist	0.0	1.0	0.0	0.0	0.5	0.0	0.0	0.0	90.0	-90.0	0.0	1.0	448.0	192.0	0	1	1	0	36	0	0					1344.000	548.000	448.000	192.000	stretch	content	no
common/ui/weapons/screens/menuweaponscreen	9	Default/MetaCustomization_AbilityStatsView/Container/AbilityAttributes/Weapon Stats Main Container/Vertical Stack Container/BorderContainer/InfoContainer/Extended List/Vertical Stack Container	RimeStackContainerElementData	Vertical Stack Container	common/ui/weaponcustomization/widgets/weaponattributes_extendedlist		0.0	1.0	0.0	0.0	0.5	0.0	0.0	0.0	0.0	0.0	0.0	1.0	340.0	256.0	0	1	1	0	0	0	0	1	12.0	0	0	1344.000	584.000	448.000	90.000	stretch	content	no
common/ui/weapons/screens/menuweaponscreen	10	Default/MetaCustomization_AbilityStatsView/Container/AbilityAttributes/Weapon Stats Main Container/Vertical Stack Container/BorderContainer/InfoContainer/Extended List/Vertical Stack Container/Extended Iconized List	2420ee41-1c4d-38bd-4203-777f31cf9c9a	Extended Iconized List	common/ui/weaponcustomization/widgets/weaponattributes_extendedlist		0.0	1.0	0.0	0.0	0.5	0.0	0.0	0.0	3.0	-3.0	0.0	1.0	514.0	32.0	0	1	1	0	0	0	0					1344.000	584.000	448.000	32.000	stretch	content	no
common/ui/weapons/screens/menuweaponscreen	10	Default/MetaCustomization_AbilityStatsView/Container/AbilityAttributes/Weapon Stats Main Container/Vertical Stack Container/BorderContainer/InfoContainer/Extended List/Vertical Stack Container/List Divider	ca959de9-1107-7900-4a87-49f1b9a90f90	List Divider	common/ui/weaponcustomization/widgets/weaponattributes_extendedlist	common/ui/componentlibrary/components/borders/cl_dividerhorizontalcell	0.0	1.0	0.0	0.0	0.5	0.0	0.0	0.0	2.0	-2.0	0.0	1.0	514.0	2.0	0	0	0	0	0	0	0					1344.000	628.000	448.000	2.000	stretch	authored	yes
common/ui/weapons/screens/menuweaponscreen	11	Default/MetaCustomization_AbilityStatsView/Container/AbilityAttributes/Weapon Stats Main Container/Vertical Stack Container/BorderContainer/InfoContainer/Extended List/Vertical Stack Container/List Divider/ForcedHeightContainer	RimeContainerElementData	ForcedHeightContainer	common/ui/componentlibrary/components/borders/cl_dividerhorizontalcell		0.0	1.0	0.0	0.0	0.5	0.0	0.0	0.0	0.0	0.0	0.0	1.0	256.0	2.0	0	0	1	0	0	0	0					1344.000	628.000	448.000	2.000	stretch	authored	yes
common/ui/weapons/screens/menuweaponscreen	12	Default/MetaCustomization_AbilityStatsView/Container/AbilityAttributes/Weapon Stats Main Container/Vertical Stack Container/BorderContainer/InfoContainer/Extended List/Vertical Stack Container/List Divider/ForcedHeightContainer/CL_DividerHorizontal	ca959de9-1107-7900-4a87-49f1b9a90f90	CL_DividerHorizontal	common/ui/componentlibrary/components/borders/cl_dividerhorizontalcell	common/ui/componentlibrary/components/borders/cl_dividerhorizontal	0.0	1.0	0.0	0.0	0.5	0.0	0.5	0.5	0.0	0.0	0.5	1.0	48.0	2.0	0	0	1	0	0	0	0					1344.000	628.000	448.000	2.000	stretch	authored	yes
common/ui/weapons/screens/menuweaponscreen	13	Default/MetaCustomization_AbilityStatsView/Container/AbilityAttributes/Weapon Stats Main Container/Vertical Stack Container/BorderContainer/InfoContainer/Extended List/Vertical Stack Container/List Divider/ForcedHeightContainer/CL_DividerHorizontal/[Container] DashedLine	RimeContainerElementData	[Container] DashedLine	common/ui/componentlibrary/components/borders/cl_dividerhorizontal		0.0	1.0	0.0	0.0	0.5	0.0	0.0	1.0	0.0	0.0	0.5	0.0	2.0	48.0	0	0	0	0	0	0	0					1344.000	628.000	448.000	2.000	stretch	stretch	yes
common/ui/weapons/screens/menuweaponscreen	14	Default/MetaCustomization_AbilityStatsView/Container/AbilityAttributes/Weapon Stats Main Container/Vertical Stack Container/BorderContainer/InfoContainer/Extended List/Vertical Stack Container/List Divider/ForcedHeightContainer/CL_DividerHorizontal/[Container] DashedLine/CB_DashedLineHorizontal	ca959de9-1107-7900-4a87-49f1b9a90f90	CB_DashedLineHorizontal	common/ui/componentlibrary/components/borders/cl_dividerhorizontal	common/ui/componentlibrary/shared/visual/cb_dashedlinehorizontal	0.0	1.0	0.0	0.0	0.5	0.0	0.0	1.0	0.0	0.0	0.5	0.0	152.0	2.0	0	0	0	0	0	0	0					1344.000	628.000	448.000	2.000	stretch	stretch	yes
common/ui/weapons/screens/menuweaponscreen	15	Default/MetaCustomization_AbilityStatsView/Container/AbilityAttributes/Weapon Stats Main Container/Vertical Stack Container/BorderContainer/InfoContainer/Extended List/Vertical Stack Container/List Divider/ForcedHeightContainer/CL_DividerHorizontal/[Container] DashedLine/CB_DashedLineHorizontal/[RimeProgressBar] DashedLine	RimeProgressBarElementData	[RimeProgressBar] DashedLine	common/ui/componentlibrary/shared/visual/cb_dashedlinehorizontal		0.0	1.0	0.0	0.0	0.5	0.0	0.5	0.5	0.0	0.0	0.5	1.0	2.0	2.0	0	0	1	0	0	0	0					1344.000	628.000	448.000	2.000	stretch	authored	yes
common/ui/weapons/screens/menuweaponscreen	13	Default/MetaCustomization_AbilityStatsView/Container/AbilityAttributes/Weapon Stats Main Container/Vertical Stack Container/BorderContainer/InfoContainer/Extended List/Vertical Stack Container/List Divider/ForcedHeightContainer/CL_DividerHorizontal/[Container] SolidLine	RimeContainerElementData	[Container] SolidLine	common/ui/componentlibrary/components/borders/cl_dividerhorizontal		0.0	1.0	0.0	0.0	0.5	0.0	0.0	1.0	0.0	0.0	0.5	0.0	256.0	256.0	0	0	0	0	0	0	0					1344.000	628.000	448.000	2.000	stretch	stretch	yes
common/ui/weapons/screens/menuweaponscreen	14	Default/MetaCustomization_AbilityStatsView/Container/AbilityAttributes/Weapon Stats Main Container/Vertical Stack Container/BorderContainer/InfoContainer/Extended List/Vertical Stack Container/List Divider/ForcedHeightContainer/CL_DividerHorizontal/[Container] SolidLine/[RimeLine] SolidLine	RimeLineElementData	[RimeLine] SolidLine	common/ui/componentlibrary/components/borders/cl_dividerhorizontal		0.0	1.0	0.0	0.0	0.5	0.0	0.0	1.0	0.0	0.0	0.5	0.0	256.0	2.0	0	0	1	0	0	0	0					1344.000	628.000	448.000	2.000	stretch	stretch	yes
common/ui/weapons/screens/menuweaponscreen	13	Default/MetaCustomization_AbilityStatsView/Container/AbilityAttributes/Weapon Stats Main Container/Vertical Stack Container/BorderContainer/InfoContainer/Extended List/Vertical Stack Container/List Divider/ForcedHeightContainer/CL_DividerHorizontal/[Container] Caps	RimeContainerElementData	[Container] Caps	common/ui/componentlibrary/components/borders/cl_dividerhorizontal		0.0	1.0	0.0	0.0	0.5	0.0	0.0	1.0	0.0	0.0	0.5	0.0	256.0	256.0	0	0	0	0	0	0	0					1344.000	628.000	448.000	2.000	stretch	stretch	yes
common/ui/weapons/screens/menuweaponscreen	14	Default/MetaCustomization_AbilityStatsView/Container/AbilityAttributes/Weapon Stats Main Container/Vertical Stack Container/BorderContainer/InfoContainer/Extended List/Vertical Stack Container/List Divider/ForcedHeightContainer/CL_DividerHorizontal/[Container] Caps/[RimeLine] CapRight	RimeLineElementData	[RimeLine] CapRight	common/ui/componentlibrary/components/borders/cl_dividerhorizontal		1.0	1.0	0.0	0.0	1.0	1.0	0.5	0.5	0.0	0.0	0.5	1.0	2.0	8.0	0	0	1	0	0	0	0					1790.000	625.000	2.000	8.000	authored	authored	yes
common/ui/weapons/screens/menuweaponscreen	14	Default/MetaCustomization_AbilityStatsView/Container/AbilityAttributes/Weapon Stats Main Container/Vertical Stack Container/BorderContainer/InfoContainer/Extended List/Vertical Stack Container/List Divider/ForcedHeightContainer/CL_DividerHorizontal/[Container] Caps/[RimeLine] CapLeft	RimeLineElementData	[RimeLine] CapLeft	common/ui/componentlibrary/components/borders/cl_dividerhorizontal		0.0	0.0	0.0	0.0	0.0	1.0	0.5	0.5	0.0	0.0	0.5	1.0	2.0	8.0	0	0	1	0	0	0	0					1344.000	625.000	2.000	8.000	authored	authored	yes
common/ui/weapons/screens/menuweaponscreen	10	Default/MetaCustomization_AbilityStatsView/Container/AbilityAttributes/Weapon Stats Main Container/Vertical Stack Container/BorderContainer/InfoContainer/Extended List/Vertical Stack Container/Advanced Attributes List	2420ee41-1c4d-38bd-4203-777f31cf9c9a	Advanced Attributes List	common/ui/weaponcustomization/widgets/weaponattributes_extendedlist		0.0	1.0	0.0	0.0	0.5	0.0	0.0	0.0	0.0	0.0	0.0	1.0	514.0	32.0	0	1	1	0	0	0	0					1344.000	642.000	448.000	32.000	stretch	content	no
common/ui/weapons/screens/menuweaponscreen	7	Default/MetaCustomization_AbilityStatsView/Container/AbilityAttributes/Weapon Stats Main Container/Vertical Stack Container/BorderContainer/CB_ButtonBase	ca959de9-1107-7900-4a87-49f1b9a90f90	CB_ButtonBase	common/ui/weaponcustomization/widgets/weaponattributes	common/ui/componentlibrary/components/buttons/cb_buttonbase	0.0	1.0	0.0	0.0	0.5	0.0	0.0	1.0	0.0	0.0	0.5	0.0	256.0	64.0	0	0	1	0	0	0	0					1324.000	248.000	488.000	478.000	stretch	stretch	yes
common/ui/weapons/screens/menuweaponscreen	8	Default/MetaCustomization_AbilityStatsView/Container/AbilityAttributes/Weapon Stats Main Container/Vertical Stack Container/BorderContainer/CB_ButtonBase/CB_Border_Focus	ca959de9-1107-7900-4a87-49f1b9a90f90	CB_Border_Focus	common/ui/componentlibrary/components/buttons/cb_buttonbase	common/ui/componentlibrary/components/borders/cl_border_focus	0.0	1.0	0.0	0.0	0.5	0.0	0.0	1.0	0.0	0.0	0.5	0.0	128.0	128.0	0	0	1	0	0	0	0					1324.000	248.000	488.000	478.000	stretch	stretch	yes
common/ui/weapons/screens/menuweaponscreen	9	Default/MetaCustomization_AbilityStatsView/Container/AbilityAttributes/Weapon Stats Main Container/Vertical Stack Container/BorderContainer/CB_ButtonBase/CB_Border_Focus/GlowMask	RimeMaskingContainerElementData	GlowMask	common/ui/componentlibrary/components/borders/cl_border_focus		0.0	1.0	-2.0	-2.0	0.5	0.0	0.0	1.0	-2.0	-2.0	0.5	0.0	256.0	256.0	0	0	1	0	0	0	0					1322.000	246.000	492.000	482.000	stretch	stretch	yes
common/ui/weapons/screens/menuweaponscreen	10	Default/MetaCustomization_AbilityStatsView/Container/AbilityAttributes/Weapon Stats Main Container/Vertical Stack Container/BorderContainer/CB_ButtonBase/CB_Border_Focus/GlowMask/ConsoleBorder	RimeVectorShapeElementData	ConsoleBorder	common/ui/componentlibrary/components/borders/cl_border_focus		0.0	1.0	-2.0	-2.0	0.5	0.0	0.0	1.0	-2.0	-2.0	0.5	0.0	256.0	256.0	0	0	0	0	0	0	0					1320.000	244.000	496.000	486.000	stretch	stretch	yes
common/ui/weapons/screens/menuweaponscreen	10	Default/MetaCustomization_AbilityStatsView/Container/AbilityAttributes/Weapon Stats Main Container/Vertical Stack Container/BorderContainer/CB_ButtonBase/CB_Border_Focus/GlowMask/PCBorder	RimeVectorShapeElementData	PCBorder	common/ui/componentlibrary/components/borders/cl_border_focus		0.0	1.0	-1.0	-1.0	0.5	0.0	0.0	1.0	-1.0	-1.0	0.5	0.0	256.0	256.0	0	0	1	0	0	0	0					1321.000	245.000	494.000	484.000	stretch	stretch	yes
common/ui/weapons/screens/menuweaponscreen	10	Default/MetaCustomization_AbilityStatsView/Container/AbilityAttributes/Weapon Stats Main Container/Vertical Stack Container/BorderContainer/CB_ButtonBase/CB_Border_Focus/GlowMask/BorderGlow	RimeVectorShapeElementData	BorderGlow	common/ui/componentlibrary/components/borders/cl_border_focus		0.0	1.0	0.0	0.0	0.5	0.0	0.0	1.0	0.0	0.0	0.5	0.0	256.0	256.0	0	0	0	1	1	1	1					1322.000	246.000	492.000	482.000	stretch	stretch	yes
common/ui/weapons/screens/menuweaponscreen	10	Default/MetaCustomization_AbilityStatsView/Container/AbilityAttributes/Weapon Stats Main Container/Vertical Stack Container/BorderContainer/CB_ButtonBase/CB_Border_Focus/GlowMask/FocusBorder_ConsoleGlow_Animated	RimeLineElementData	FocusBorder_ConsoleGlow_Animated	common/ui/componentlibrary/components/borders/cl_border_focus		0.0	1.0	-1.0	-1.0	0.5	0.0	0.0	1.0	-1.0	-1.0	0.5	0.0	256.0	256.0	0	0	1	0	0	0	0					1321.000	245.000	494.000	484.000	stretch	stretch	yes
common/ui/weapons/screens/menuweaponscreen	10	Default/MetaCustomization_AbilityStatsView/Container/AbilityAttributes/Weapon Stats Main Container/Vertical Stack Container/BorderContainer/CB_ButtonBase/CB_Border_Focus/GlowMask/FocusBorder_Console_Animated	RimeLineElementData	FocusBorder_Console_Animated	common/ui/componentlibrary/components/borders/cl_border_focus		0.0	1.0	-4.0	-4.0	0.5	0.0	0.0	1.0	-4.0	-4.0	0.5	0.0	256.0	256.0	0	0	1	0	0	0	0					1318.000	242.000	500.000	490.000	stretch	stretch	yes
common/ui/weapons/screens/menuweaponscreen	10	Default/MetaCustomization_AbilityStatsView/Container/AbilityAttributes/Weapon Stats Main Container/Vertical Stack Container/BorderContainer/CB_ButtonBase/CB_Border_Focus/GlowMask/FocusBorder_ConsoleGlow_AnimatedVertical	RimeLineElementData	FocusBorder_ConsoleGlow_AnimatedVertical	common/ui/componentlibrary/components/borders/cl_border_focus		0.0	1.0	-1.0	-1.0	0.5	0.0	0.0	1.0	-1.0	-1.0	0.5	0.0	256.0	256.0	0	0	1	0	0	0	0					1321.000	245.000	494.000	484.000	stretch	stretch	yes
common/ui/weapons/screens/menuweaponscreen	10	Default/MetaCustomization_AbilityStatsView/Container/AbilityAttributes/Weapon Stats Main Container/Vertical Stack Container/BorderContainer/CB_ButtonBase/CB_Border_Focus/GlowMask/FocusBorder_Console_AnimatedVertical	RimeLineElementData	FocusBorder_Console_AnimatedVertical	common/ui/componentlibrary/components/borders/cl_border_focus		0.0	1.0	-4.0	-4.0	0.5	0.0	0.0	1.0	-4.0	-4.0	0.5	0.0	256.0	256.0	0	0	1	0	0	0	0					1318.000	242.000	500.000	490.000	stretch	stretch	yes
common/ui/weapons/screens/menuweaponscreen	9	Default/MetaCustomization_AbilityStatsView/Container/AbilityAttributes/Weapon Stats Main Container/Vertical Stack Container/BorderContainer/CB_ButtonBase/CB_Border_Focus/[Fill] OnClickAnimation	RimeFillElementData	[Fill] OnClickAnimation	common/ui/componentlibrary/components/borders/cl_border_focus		0.0	1.0	0.0	0.0	0.5	0.0	0.0	1.0	0.0	0.0	0.5	0.0	256.0	256.0	0	0	1	0	0	0	0					1324.000	248.000	488.000	478.000	stretch	stretch	yes
common/ui/weapons/screens/menuweaponscreen	8	Default/MetaCustomization_AbilityStatsView/Container/AbilityAttributes/Weapon Stats Main Container/Vertical Stack Container/BorderContainer/CB_ButtonBase/CB_HoverVisual	ca959de9-1107-7900-4a87-49f1b9a90f90	CB_HoverVisual	common/ui/componentlibrary/components/buttons/cb_buttonbase	common/ui/componentlibrary/components/indicators/cb_hovervisual	0.0	1.0	0.0	0.0	0.5	0.0	0.0	1.0	0.0	0.0	0.5	0.0	128.0	128.0	0	0	1	0	0	0	0					1324.000	248.000	488.000	478.000	stretch	stretch	yes
common/ui/weapons/screens/menuweaponscreen	9	Default/MetaCustomization_AbilityStatsView/Container/AbilityAttributes/Weapon Stats Main Container/Vertical Stack Container/BorderContainer/CB_ButtonBase/CB_HoverVisual/[RimeFill] Overlay	RimeFillElementData	[RimeFill] Overlay	common/ui/componentlibrary/components/indicators/cb_hovervisual		0.0	1.0	0.0	0.0	0.5	0.0	0.0	1.0	0.0	0.0	0.5	0.0	256.0	256.0	0	0	1	0	0	0	0					1324.000	248.000	488.000	478.000	stretch	stretch	yes
common/ui/weapons/screens/menuweaponscreen	8	Default/MetaCustomization_AbilityStatsView/Container/AbilityAttributes/Weapon Stats Main Container/Vertical Stack Container/BorderContainer/CB_ButtonBase/CLB_FillVisual	ca959de9-1107-7900-4a87-49f1b9a90f90	CLB_FillVisual	common/ui/componentlibrary/components/buttons/cb_buttonbase	common/ui/componentlibrary/shared/visual/cb_fillvisual	0.0	1.0	0.0	0.0	0.5	0.0	0.0	1.0	0.0	0.0	0.5	0.0	116.0	64.0	0	0	0	0	0	0	0					1324.000	248.000	488.000	478.000	stretch	stretch	yes
common/ui/weapons/screens/menuweaponscreen	9	Default/MetaCustomization_AbilityStatsView/Container/AbilityAttributes/Weapon Stats Main Container/Vertical Stack Container/BorderContainer/CB_ButtonBase/CLB_FillVisual/BaseFill	RimeFillElementData	BaseFill	common/ui/componentlibrary/shared/visual/cb_fillvisual		0.0	1.0	0.0	0.0	0.5	0.0	0.0	1.0	0.0	0.0	0.5	0.0	256.0	256.0	0	0	1	0	0	0	0					1324.000	248.000	488.000	478.000	stretch	stretch	yes
common/ui/weapons/screens/menuweaponscreen	9	Default/MetaCustomization_AbilityStatsView/Container/AbilityAttributes/Weapon Stats Main Container/Vertical Stack Container/BorderContainer/CB_ButtonBase/CLB_FillVisual/PrimaryFill	RimeFillElementData	PrimaryFill	common/ui/componentlibrary/shared/visual/cb_fillvisual		0.0	1.0	0.0	0.0	0.5	0.0	0.0	1.0	0.0	0.0	0.5	0.0	256.0	256.0	0	0	1	0	0	0	0					1324.000	248.000	488.000	478.000	stretch	stretch	yes
common/ui/weapons/screens/menuweaponscreen	8	Default/MetaCustomization_AbilityStatsView/Container/AbilityAttributes/Weapon Stats Main Container/Vertical Stack Container/BorderContainer/CB_ButtonBase/CLB_Interactable	ca959de9-1107-7900-4a87-49f1b9a90f90	CLB_Interactable	common/ui/componentlibrary/components/buttons/cb_buttonbase	common/ui/componentlibrary/shared/interaction/cb_interactable_advanced	0.0	1.0	0.0	0.0	0.5	0.0	0.0	1.0	0.0	0.0	0.5	0.0	256.0	64.0	0	0	1	0	0	0	0					1324.000	248.000	488.000	478.000	stretch	stretch	yes
common/ui/weapons/screens/menuweaponscreen	9	Default/MetaCustomization_AbilityStatsView/Container/AbilityAttributes/Weapon Stats Main Container/Vertical Stack Container/BorderContainer/CB_ButtonBase/CLB_Interactable/PrimaryButtonBehavior	295b0545-d165-e962-3ebe-e871ce63aa88	PrimaryButtonBehavior	common/ui/componentlibrary/shared/interaction/cb_interactable_advanced		0.0	1.0	0.0	0.0	0.5	0.0	0.0	1.0	0.0	0.0	0.5	0.0	256.0	256.0	0	0	1	0	0	0	0					1324.000	248.000	488.000	478.000	stretch	stretch	yes
common/ui/weapons/screens/menuweaponscreen	9	Default/MetaCustomization_AbilityStatsView/Container/AbilityAttributes/Weapon Stats Main Container/Vertical Stack Container/BorderContainer/CB_ButtonBase/CLB_Interactable/SecondaryButtonBehavior	295b0545-d165-e962-3ebe-e871ce63aa88	SecondaryButtonBehavior	common/ui/componentlibrary/shared/interaction/cb_interactable_advanced		0.0	1.0	0.0	0.0	0.5	0.0	0.0	1.0	0.0	0.0	0.5	0.0	256.0	256.0	0	0	1	0	0	0	0					1324.000	248.000	488.000	478.000	stretch	stretch	yes
common/ui/weapons/screens/menuweaponscreen	9	Default/MetaCustomization_AbilityStatsView/Container/AbilityAttributes/Weapon Stats Main Container/Vertical Stack Container/BorderContainer/CB_ButtonBase/CLB_Interactable/TertiaryButtonBehavior	295b0545-d165-e962-3ebe-e871ce63aa88	TertiaryButtonBehavior	common/ui/componentlibrary/shared/interaction/cb_interactable_advanced		0.0	1.0	0.0	0.0	0.5	0.0	0.0	1.0	0.0	0.0	0.5	0.0	256.0	256.0	0	0	1	0	0	0	0					1324.000	248.000	488.000	478.000	stretch	stretch	yes
common/ui/weapons/screens/menuweaponscreen	7	Default/MetaCustomization_AbilityStatsView/Container/AbilityAttributes/Weapon Stats Main Container/Vertical Stack Container/BorderContainer/CB_HoverVisual	ca959de9-1107-7900-4a87-49f1b9a90f90	CB_HoverVisual	common/ui/weaponcustomization/widgets/weaponattributes	common/ui/componentlibrary/components/indicators/cb_hovervisual	0.0	1.0	-4.0	-4.0	0.5	0.0	0.0	1.0	5.0	-12.0	0.5	0.0	256.0	256.0	0	0	0	0	0	0	0					1320.000	253.000	496.000	485.000	stretch	stretch	yes
common/ui/weapons/screens/menuweaponscreen	8	Default/MetaCustomization_AbilityStatsView/Container/AbilityAttributes/Weapon Stats Main Container/Vertical Stack Container/BorderContainer/CB_HoverVisual/[RimeFill] Overlay	RimeFillElementData	[RimeFill] Overlay	common/ui/componentlibrary/components/indicators/cb_hovervisual		0.0	1.0	0.0	0.0	0.5	0.0	0.0	1.0	0.0	0.0	0.5	0.0	256.0	256.0	0	0	1	0	0	0	0					1320.000	253.000	496.000	485.000	stretch	stretch	yes
common/ui/weapons/screens/menuweaponscreen	7	Default/MetaCustomization_AbilityStatsView/Container/AbilityAttributes/Weapon Stats Main Container/Vertical Stack Container/BorderContainer/MouseKeyboardBrackets	RimeVectorShapeElementData	MouseKeyboardBrackets	common/ui/weaponcustomization/widgets/weaponattributes		0.0	1.0	0.0	-2.0	0.5	0.0	0.0	1.0	0.0	0.0	0.5	0.0	256.0	256.0	0	0	0	-4	4	-4	-14					1324.000	248.000	490.000	478.000	stretch	stretch	yes
common/ui/weapons/screens/menuweaponscreen	7	Default/MetaCustomization_AbilityStatsView/Container/AbilityAttributes/Weapon Stats Main Container/Vertical Stack Container/BorderContainer/ControllerLeftBracket	RimeVectorShapeElementData	ControllerLeftBracket	common/ui/weaponcustomization/widgets/weaponattributes		0.0	0.0	-4.0	4.0	0.0	1.0	0.0	1.0	4.0	-14.0	0.5	0.0	6.0	256.0	0	0	0	0	0	0	0					1320.000	252.000	6.000	488.000	authored	stretch	yes
common/ui/weapons/screens/menuweaponscreen	7	Default/MetaCustomization_AbilityStatsView/Container/AbilityAttributes/Weapon Stats Main Container/Vertical Stack Container/BorderContainer/RightBracketContainer	RimeStackContainerElementData	RightBracketContainer	common/ui/weaponcustomization/widgets/weaponattributes		1.0	1.0	8.0	-8.0	1.0	1.0	0.0	1.0	0.0	-16.0	0.5	0.0	8.0	256.0	0	1	1	0	0	0	0	1	6.0	2	0	1812.000	461.000	8.000	68.000	authored	content	no
common/ui/weapons/screens/menuweaponscreen	8	Default/MetaCustomization_AbilityStatsView/Container/AbilityAttributes/Weapon Stats Main Container/Vertical Stack Container/BorderContainer/RightBracketContainer/RightUpperBracket	RimeVectorShapeElementData	RightUpperBracket	common/ui/weaponcustomization/widgets/weaponattributes		1.0	1.0	-2.0	2.0	1.0	1.0	0.0	0.0	0.0	0.0	0.0	1.0	8.0	12.0	0	0	1	0	4	0	0					1810.000	461.000	8.000	12.000	authored	authored	yes
common/ui/weapons/screens/menuweaponscreen	8	Default/MetaCustomization_AbilityStatsView/Container/AbilityAttributes/Weapon Stats Main Container/Vertical Stack Container/BorderContainer/RightBracketContainer/FlowDirectionExpandAttributesButtonContainer	RimeContainerElementData	FlowDirectionExpandAttributesButtonContainer	common/ui/weaponcustomization/widgets/weaponattributes		0.0	1.0	0.0	0.0	0.5	0.0	0.0	0.0	0.0	0.0	0.0	1.0	256.0	256.0	0	1	1	0	0	0	0					1812.000	479.000	8.000	32.000	stretch	content	no
common/ui/weapons/screens/menuweaponscreen	9	Default/MetaCustomization_AbilityStatsView/Container/AbilityAttributes/Weapon Stats Main Container/Vertical Stack Container/BorderContainer/RightBracketContainer/FlowDirectionExpandAttributesButtonContainer/ExpandAttributes Button	ca959de9-1107-7900-4a87-49f1b9a90f90	ExpandAttributes Button	common/ui/weaponcustomization/widgets/weaponattributes	common/ui/componentlibrary/components/buttons/cl_inputactionpromptbutton	0.5	0.5	6.0	-6.0	0.5	1.0	0.5	0.5	0.0	0.0	0.5	1.0	32.0	32.0	0	0	1	0	0	0	0					1806.000	479.000	32.000	32.000	authored	authored	yes
common/ui/weapons/screens/menuweaponscreen	10	Default/MetaCustomization_AbilityStatsView/Container/AbilityAttributes/Weapon Stats Main Container/Vertical Stack Container/BorderContainer/RightBracketContainer/FlowDirectionExpandAttributesButtonContainer/ExpandAttributes Button/FlowDirectionDefaultContainer	RimeContainerElementData	FlowDirectionDefaultContainer	common/ui/componentlibrary/components/buttons/cl_inputactionpromptbutton		0.0	1.0	0.0	0.0	0.5	0.0	0.0	1.0	0.0	0.0	0.5	0.0	256.0	256.0	0	1	1	0	0	0	0					1806.000	475.000	32.000	40.000	stretch	content	no
common/ui/weapons/screens/menuweaponscreen	11	Default/MetaCustomization_AbilityStatsView/Container/AbilityAttributes/Weapon Stats Main Container/Vertical Stack Container/BorderContainer/RightBracketContainer/FlowDirectionExpandAttributesButtonContainer/ExpandAttributes Button/FlowDirectionDefaultContainer/RimeStackContainer	RimeStackContainerElementData	RimeStackContainer	common/ui/componentlibrary/components/buttons/cl_inputactionpromptbutton		0.5	0.5	0.0	0.0	0.5	1.0	0.5	0.5	0.0	0.0	0.5	1.0	256.0	40.0	1	0	1	12	0	12	0	0	8.0	0	0	1658.000	475.000	328.000	40.000	content	authored	no
common/ui/weapons/screens/menuweaponscreen	12	Default/MetaCustomization_AbilityStatsView/Container/AbilityAttributes/Weapon Stats Main Container/Vertical Stack Container/BorderContainer/RightBracketContainer/FlowDirectionExpandAttributesButtonContainer/ExpandAttributes Button/FlowDirectionDefaultContainer/RimeStackContainer/CL_InputActionIcon	ca959de9-1107-7900-4a87-49f1b9a90f90	CL_InputActionIcon	common/ui/componentlibrary/components/buttons/cl_inputactionpromptbutton	common/ui/componentlibrary/components/input/inputicon/cl_hud_singlekey_inputactionicon	0.0	0.0	0.0	0.0	0.0	1.0	0.5	0.5	0.0	0.0	0.5	1.0	40.0	40.0	1	0	1	0	0	0	0					1670.000	475.000	40.000	40.000	content	authored	no
common/ui/weapons/screens/menuweaponscreen	13	Default/MetaCustomization_AbilityStatsView/Container/AbilityAttributes/Weapon Stats Main Container/Vertical Stack Container/BorderContainer/RightBracketContainer/FlowDirectionExpandAttributesButtonContainer/ExpandAttributes Button/FlowDirectionDefaultContainer/RimeStackContainer/CL_InputActionIcon/IconContainer	RimeContainerElementData	IconContainer	common/ui/componentlibrary/components/input/inputicon/cl_hud_singlekey_inputactionicon		0.5	0.5	0.0	0.0	0.5	1.0	0.5	0.5	0.0	0.0	0.5	1.0	32.0	32.0	1	0	0	0	0	0	0					1680.000	479.000	20.000	32.000	content	authored	no
common/ui/weapons/screens/menuweaponscreen	14	Default/MetaCustomization_AbilityStatsView/Container/AbilityAttributes/Weapon Stats Main Container/Vertical Stack Container/BorderContainer/RightBracketContainer/FlowDirectionExpandAttributesButtonContainer/ExpandAttributes Button/FlowDirectionDefaultContainer/RimeStackContainer/CL_InputActionIcon/IconContainer/DoubleClickIcon	ca959de9-1107-7900-4a87-49f1b9a90f90	DoubleClickIcon	common/ui/componentlibrary/components/input/inputicon/cl_hud_singlekey_inputactionicon	common/ui/componentlibrary/shared/inputaction/inputactionicon/cb_hud_inputicondoubleclick	0.5	0.5	0.0	0.0	0.5	1.0	0.5	0.5	0.0	0.0	0.5	1.0	20.0	20.0	0	0	0	0	0	0	0					1680.000	485.000	20.000	20.000	authored	authored	yes
common/ui/weapons/screens/menuweaponscreen	15	Default/MetaCustomization_AbilityStatsView/Container/AbilityAttributes/Weapon Stats Main Container/Vertical Stack Container/BorderContainer/RightBracketContainer/FlowDirectionExpandAttributesButtonContainer/ExpandAttributes Button/FlowDirectionDefaultContainer/RimeStackContainer/CL_InputActionIcon/IconContainer/DoubleClickIcon/RimeStackContainer	RimeStackContainerElementData	RimeStackContainer	common/ui/componentlibrary/shared/inputaction/inputactionicon/cb_hud_inputicondoubleclick		0.5	0.5	0.0	0.0	0.5	1.0	0.5	0.5	0.0	0.0	0.5	1.0	256.0	20.0	1	0	1	0	0	0	0	0	6.0	0	0	1660.000	485.000	60.000	20.000	content	authored	no
common/ui/weapons/screens/menuweaponscreen	16	Default/MetaCustomization_AbilityStatsView/Container/AbilityAttributes/Weapon Stats Main Container/Vertical Stack Container/BorderContainer/RightBracketContainer/FlowDirectionExpandAttributesButtonContainer/ExpandAttributes Button/FlowDirectionDefaultContainer/RimeStackContainer/CL_InputActionIcon/IconContainer/DoubleClickIcon/RimeStackContainer/Left	ca959de9-1107-7900-4a87-49f1b9a90f90	Left	common/ui/componentlibrary/shared/inputaction/inputactionicon/cb_hud_inputicondoubleclick	common/ui/componentlibrary/shared/inputaction/inputactionicon/cb_hud_inputicon	0.0	0.0	0.0	0.0	0.0	1.0	0.5	0.5	0.0	0.0	0.5	1.0	20.0	20.0	0	0	1	0	0	0	0					1660.000	485.000	20.000	20.000	authored	authored	yes
common/ui/weapons/screens/menuweaponscreen	17	Default/MetaCustomization_AbilityStatsView/Container/AbilityAttributes/Weapon Stats Main Container/Vertical Stack Container/BorderContainer/RightBracketContainer/FlowDirectionExpandAttributesButtonContainer/ExpandAttributes Button/FlowDirectionDefaultContainer/RimeStackContainer/CL_InputActionIcon/IconContainer/DoubleClickIcon/RimeStackContainer/Left/Label w Minimum Width	RimeContainerElementData	Label w Minimum Width	common/ui/componentlibrary/shared/inputaction/inputactionicon/cb_hud_inputicon		0.5	0.5	0.0	0.0	0.5	1.0	0.5	0.5	0.0	0.0	0.5	1.0	22.0	20.0	1	0	0	0	0	0	0					1659.000	485.000	22.000	20.000	content	authored	no
common/ui/weapons/screens/menuweaponscreen	18	Default/MetaCustomization_AbilityStatsView/Container/AbilityAttributes/Weapon Stats Main Container/Vertical Stack Container/BorderContainer/RightBracketContainer/FlowDirectionExpandAttributesButtonContainer/ExpandAttributes Button/FlowDirectionDefaultContainer/RimeStackContainer/CL_InputActionIcon/IconContainer/DoubleClickIcon/RimeStackContainer/Left/Label w Minimum Width/BackgroundFill_Add	RimeVectorShapeElementData	BackgroundFill_Add	common/ui/componentlibrary/shared/inputaction/inputactionicon/cb_hud_inputicon		0.0	1.0	0.0	0.0	0.5	0.0	0.5	0.5	0.0	0.0	0.5	1.0	256.0	20.0	0	0	1	0	0	0	0					1659.000	485.000	22.000	20.000	stretch	authored	yes
common/ui/weapons/screens/menuweaponscreen	18	Default/MetaCustomization_AbilityStatsView/Container/AbilityAttributes/Weapon Stats Main Container/Vertical Stack Container/BorderContainer/RightBracketContainer/FlowDirectionExpandAttributesButtonContainer/ExpandAttributes Button/FlowDirectionDefaultContainer/RimeStackContainer/CL_InputActionIcon/IconContainer/DoubleClickIcon/RimeStackContainer/Left/Label w Minimum Width/BackgroundOutlined_Normal	RimeVectorShapeElementData	BackgroundOutlined_Normal	common/ui/componentlibrary/shared/inputaction/inputactionicon/cb_hud_inputicon		0.0	1.0	0.0	0.0	0.5	0.0	0.5	0.5	0.0	0.0	0.5	1.0	256.0	20.0	0	0	1	0	0	0	0					1659.000	485.000	22.000	20.000	stretch	authored	yes
common/ui/weapons/screens/menuweaponscreen	18	Default/MetaCustomization_AbilityStatsView/Container/AbilityAttributes/Weapon Stats Main Container/Vertical Stack Container/BorderContainer/RightBracketContainer/FlowDirectionExpandAttributesButtonContainer/ExpandAttributes Button/FlowDirectionDefaultContainer/RimeStackContainer/CL_InputActionIcon/IconContainer/DoubleClickIcon/RimeStackContainer/Left/Label w Minimum Width/Label w Horizontal Padding	RimeLabelElementData	Label w Horizontal Padding	common/ui/componentlibrary/shared/inputaction/inputactionicon/cb_hud_inputicon		0.5	0.5	0.0	0.0	0.5	1.0	0.5	0.5	0.0	0.0	0.5	1.0	22.0	16.0	1	1	1	4	0	4	0					1659.000	487.000	22.000	16.000	content	content	no
common/ui/weapons/screens/menuweaponscreen	17	Default/MetaCustomization_AbilityStatsView/Container/AbilityAttributes/Weapon Stats Main Container/Vertical Stack Container/BorderContainer/RightBracketContainer/FlowDirectionExpandAttributesButtonContainer/ExpandAttributes Button/FlowDirectionDefaultContainer/RimeStackContainer/CL_InputActionIcon/IconContainer/DoubleClickIcon/RimeStackContainer/Left/IconFill_Add	RimeSvgElementData	IconFill_Add	common/ui/componentlibrary/shared/inputaction/inputactionicon/cb_hud_inputicon		0.5	0.5	0.0	0.0	0.5	1.0	0.5	0.5	0.0	0.0	0.5	1.0	32.0	32.0	0	0	0	0	0	0	0					1654.000	479.000	32.000	32.000	authored	authored	yes
common/ui/weapons/screens/menuweaponscreen	17	Default/MetaCustomization_AbilityStatsView/Container/AbilityAttributes/Weapon Stats Main Container/Vertical Stack Container/BorderContainer/RightBracketContainer/FlowDirectionExpandAttributesButtonContainer/ExpandAttributes Button/FlowDirectionDefaultContainer/RimeStackContainer/CL_InputActionIcon/IconContainer/DoubleClickIcon/RimeStackContainer/Left/IconOutlined_Normal	RimeSvgElementData	IconOutlined_Normal	common/ui/componentlibrary/shared/inputaction/inputactionicon/cb_hud_inputicon		0.5	0.5	0.0	0.0	0.5	1.0	0.5	0.5	0.0	0.0	0.5	1.0	32.0	32.0	0	0	0	0	0	0	0					1654.000	479.000	32.000	32.000	authored	authored	yes
common/ui/weapons/screens/menuweaponscreen	16	Default/MetaCustomization_AbilityStatsView/Container/AbilityAttributes/Weapon Stats Main Container/Vertical Stack Container/BorderContainer/RightBracketContainer/FlowDirectionExpandAttributesButtonContainer/ExpandAttributes Button/FlowDirectionDefaultContainer/RimeStackContainer/CL_InputActionIcon/IconContainer/DoubleClickIcon/RimeStackContainer/CB_InputIcon_PlusShape	ca959de9-1107-7900-4a87-49f1b9a90f90	CB_InputIcon_PlusShape	common/ui/componentlibrary/shared/inputaction/inputactionicon/cb_hud_inputicondoubleclick	common/ui/componentlibrary/components/icons/cl_hud_vectorshape	0.0	0.0	0.0	0.0	0.0	1.0	0.5	0.5	0.0	0.0	0.5	1.0	8.0	8.0	0	0	1	0	0	0	0					1686.000	491.000	8.000	8.000	authored	authored	yes
common/ui/weapons/screens/menuweaponscreen	17	Default/MetaCustomization_AbilityStatsView/Container/AbilityAttributes/Weapon Stats Main Container/Vertical Stack Container/BorderContainer/RightBracketContainer/FlowDirectionExpandAttributesButtonContainer/ExpandAttributes Button/FlowDirectionDefaultContainer/RimeStackContainer/CL_InputActionIcon/IconContainer/DoubleClickIcon/RimeStackContainer/CB_InputIcon_PlusShape/VectorShape_Normal	RimeVectorShapeElementData	VectorShape_Normal	common/ui/componentlibrary/components/icons/cl_hud_vectorshape		0.5	0.5	0.0	0.0	0.5	1.0	0.5	0.5	0.0	0.0	0.5	1.0	32.0	32.0	0	0	1	0	0	0	0					1674.000	479.000	32.000	32.000	authored	authored	yes
common/ui/weapons/screens/menuweaponscreen	17	Default/MetaCustomization_AbilityStatsView/Container/AbilityAttributes/Weapon Stats Main Container/Vertical Stack Container/BorderContainer/RightBracketContainer/FlowDirectionExpandAttributesButtonContainer/ExpandAttributes Button/FlowDirectionDefaultContainer/RimeStackContainer/CL_InputActionIcon/IconContainer/DoubleClickIcon/RimeStackContainer/CB_InputIcon_PlusShape/VectorShape_Add	RimeVectorShapeElementData	VectorShape_Add	common/ui/componentlibrary/components/icons/cl_hud_vectorshape		0.5	0.5	0.0	0.0	0.5	1.0	0.5	0.5	0.0	0.0	0.5	1.0	32.0	32.0	0	0	1	0	0	0	0					1674.000	479.000	32.000	32.000	authored	authored	yes
common/ui/weapons/screens/menuweaponscreen	16	Default/MetaCustomization_AbilityStatsView/Container/AbilityAttributes/Weapon Stats Main Container/Vertical Stack Container/BorderContainer/RightBracketContainer/FlowDirectionExpandAttributesButtonContainer/ExpandAttributes Button/FlowDirectionDefaultContainer/RimeStackContainer/CL_InputActionIcon/IconContainer/DoubleClickIcon/RimeStackContainer/Right	ca959de9-1107-7900-4a87-49f1b9a90f90	Right	common/ui/componentlibrary/shared/inputaction/inputactionicon/cb_hud_inputicondoubleclick	common/ui/componentlibrary/shared/inputaction/inputactionicon/cb_hud_inputicon	0.0	0.0	0.0	0.0	0.0	1.0	0.5	0.5	0.0	0.0	0.5	1.0	20.0	20.0	0	0	1	0	0	0	0					1700.000	485.000	20.000	20.000	authored	authored	yes
common/ui/weapons/screens/menuweaponscreen	17	Default/MetaCustomization_AbilityStatsView/Container/AbilityAttributes/Weapon Stats Main Container/Vertical Stack Container/BorderContainer/RightBracketContainer/FlowDirectionExpandAttributesButtonContainer/ExpandAttributes Button/FlowDirectionDefaultContainer/RimeStackContainer/CL_InputActionIcon/IconContainer/DoubleClickIcon/RimeStackContainer/Right/Label w Minimum Width	RimeContainerElementData	Label w Minimum Width	common/ui/componentlibrary/shared/inputaction/inputactionicon/cb_hud_inputicon		0.5	0.5	0.0	0.0	0.5	1.0	0.5	0.5	0.0	0.0	0.5	1.0	22.0	20.0	1	0	0	0	0	0	0					1699.000	485.000	22.000	20.000	content	authored	no
common/ui/weapons/screens/menuweaponscreen	18	Default/MetaCustomization_AbilityStatsView/Container/AbilityAttributes/Weapon Stats Main Container/Vertical Stack Container/BorderContainer/RightBracketContainer/FlowDirectionExpandAttributesButtonContainer/ExpandAttributes Button/FlowDirectionDefaultContainer/RimeStackContainer/CL_InputActionIcon/IconContainer/DoubleClickIcon/RimeStackContainer/Right/Label w Minimum Width/BackgroundFill_Add	RimeVectorShapeElementData	BackgroundFill_Add	common/ui/componentlibrary/shared/inputaction/inputactionicon/cb_hud_inputicon		0.0	1.0	0.0	0.0	0.5	0.0	0.5	0.5	0.0	0.0	0.5	1.0	256.0	20.0	0	0	1	0	0	0	0					1699.000	485.000	22.000	20.000	stretch	authored	yes
common/ui/weapons/screens/menuweaponscreen	18	Default/MetaCustomization_AbilityStatsView/Container/AbilityAttributes/Weapon Stats Main Container/Vertical Stack Container/BorderContainer/RightBracketContainer/FlowDirectionExpandAttributesButtonContainer/ExpandAttributes Button/FlowDirectionDefaultContainer/RimeStackContainer/CL_InputActionIcon/IconContainer/DoubleClickIcon/RimeStackContainer/Right/Label w Minimum Width/BackgroundOutlined_Normal	RimeVectorShapeElementData	BackgroundOutlined_Normal	common/ui/componentlibrary/shared/inputaction/inputactionicon/cb_hud_inputicon		0.0	1.0	0.0	0.0	0.5	0.0	0.5	0.5	0.0	0.0	0.5	1.0	256.0	20.0	0	0	1	0	0	0	0					1699.000	485.000	22.000	20.000	stretch	authored	yes
common/ui/weapons/screens/menuweaponscreen	18	Default/MetaCustomization_AbilityStatsView/Container/AbilityAttributes/Weapon Stats Main Container/Vertical Stack Container/BorderContainer/RightBracketContainer/FlowDirectionExpandAttributesButtonContainer/ExpandAttributes Button/FlowDirectionDefaultContainer/RimeStackContainer/CL_InputActionIcon/IconContainer/DoubleClickIcon/RimeStackContainer/Right/Label w Minimum Width/Label w Horizontal Padding	RimeLabelElementData	Label w Horizontal Padding	common/ui/componentlibrary/shared/inputaction/inputactionicon/cb_hud_inputicon		0.5	0.5	0.0	0.0	0.5	1.0	0.5	0.5	0.0	0.0	0.5	1.0	22.0	16.0	1	1	1	4	0	4	0					1699.000	487.000	22.000	16.000	content	content	no
common/ui/weapons/screens/menuweaponscreen	17	Default/MetaCustomization_AbilityStatsView/Container/AbilityAttributes/Weapon Stats Main Container/Vertical Stack Container/BorderContainer/RightBracketContainer/FlowDirectionExpandAttributesButtonContainer/ExpandAttributes Button/FlowDirectionDefaultContainer/RimeStackContainer/CL_InputActionIcon/IconContainer/DoubleClickIcon/RimeStackContainer/Right/IconFill_Add	RimeSvgElementData	IconFill_Add	common/ui/componentlibrary/shared/inputaction/inputactionicon/cb_hud_inputicon		0.5	0.5	0.0	0.0	0.5	1.0	0.5	0.5	0.0	0.0	0.5	1.0	32.0	32.0	0	0	0	0	0	0	0					1694.000	479.000	32.000	32.000	authored	authored	yes
common/ui/weapons/screens/menuweaponscreen	17	Default/MetaCustomization_AbilityStatsView/Container/AbilityAttributes/Weapon Stats Main Container/Vertical Stack Container/BorderContainer/RightBracketContainer/FlowDirectionExpandAttributesButtonContainer/ExpandAttributes Button/FlowDirectionDefaultContainer/RimeStackContainer/CL_InputActionIcon/IconContainer/DoubleClickIcon/RimeStackContainer/Right/IconOutlined_Normal	RimeSvgElementData	IconOutlined_Normal	common/ui/componentlibrary/shared/inputaction/inputactionicon/cb_hud_inputicon		0.5	0.5	0.0	0.0	0.5	1.0	0.5	0.5	0.0	0.0	0.5	1.0	32.0	32.0	0	0	0	0	0	0	0					1694.000	479.000	32.000	32.000	authored	authored	yes
common/ui/weapons/screens/menuweaponscreen	14	Default/MetaCustomization_AbilityStatsView/Container/AbilityAttributes/Weapon Stats Main Container/Vertical Stack Container/BorderContainer/RightBracketContainer/FlowDirectionExpandAttributesButtonContainer/ExpandAttributes Button/FlowDirectionDefaultContainer/RimeStackContainer/CL_InputActionIcon/IconContainer/ComboIcon	ca959de9-1107-7900-4a87-49f1b9a90f90	ComboIcon	common/ui/componentlibrary/components/input/inputicon/cl_hud_singlekey_inputactionicon	common/ui/componentlibrary/shared/inputaction/inputactionicon/cb_hud_inputiconcombo	0.5	0.5	0.0	0.0	0.5	1.0	0.5	0.5	0.0	0.0	0.5	1.0	20.0	20.0	0	0	0	0	0	0	0					1680.000	485.000	20.000	20.000	authored	authored	yes
common/ui/weapons/screens/menuweaponscreen	15	Default/MetaCustomization_AbilityStatsView/Container/AbilityAttributes/Weapon Stats Main Container/Vertical Stack Container/BorderContainer/RightBracketContainer/FlowDirectionExpandAttributesButtonContainer/ExpandAttributes Button/FlowDirectionDefaultContainer/RimeStackContainer/CL_InputActionIcon/IconContainer/ComboIcon/RimeStackContainer	RimeStackContainerElementData	RimeStackContainer	common/ui/componentlibrary/shared/inputaction/inputactionicon/cb_hud_inputiconcombo		0.5	0.5	0.0	0.0	0.5	1.0	0.5	0.5	0.0	0.0	0.5	1.0	256.0	20.0	1	0	1	0	0	0	0	0	6.0	0	0	1660.000	485.000	60.000	20.000	content	authored	no
common/ui/weapons/screens/menuweaponscreen	16	Default/MetaCustomization_AbilityStatsView/Container/AbilityAttributes/Weapon Stats Main Container/Vertical Stack Container/BorderContainer/RightBracketContainer/FlowDirectionExpandAttributesButtonContainer/ExpandAttributes Button/FlowDirectionDefaultContainer/RimeStackContainer/CL_InputActionIcon/IconContainer/ComboIcon/RimeStackContainer/PrimaryIcon	ca959de9-1107-7900-4a87-49f1b9a90f90	PrimaryIcon	common/ui/componentlibrary/shared/inputaction/inputactionicon/cb_hud_inputiconcombo	common/ui/componentlibrary/shared/inputaction/inputactionicon/cb_hud_inputicon	0.0	0.0	0.0	0.0	0.0	1.0	0.5	0.5	0.0	0.0	0.5	1.0	20.0	20.0	0	0	1	0	0	0	0					1660.000	485.000	20.000	20.000	authored	authored	yes
common/ui/weapons/screens/menuweaponscreen	17	Default/MetaCustomization_AbilityStatsView/Container/AbilityAttributes/Weapon Stats Main Container/Vertical Stack Container/BorderContainer/RightBracketContainer/FlowDirectionExpandAttributesButtonContainer/ExpandAttributes Button/FlowDirectionDefaultContainer/RimeStackContainer/CL_InputActionIcon/IconContainer/ComboIcon/RimeStackContainer/PrimaryIcon/Label w Minimum Width	RimeContainerElementData	Label w Minimum Width	common/ui/componentlibrary/shared/inputaction/inputactionicon/cb_hud_inputicon		0.5	0.5	0.0	0.0	0.5	1.0	0.5	0.5	0.0	0.0	0.5	1.0	22.0	20.0	1	0	0	0	0	0	0					1659.000	485.000	22.000	20.000	content	authored	no
common/ui/weapons/screens/menuweaponscreen	18	Default/MetaCustomization_AbilityStatsView/Container/AbilityAttributes/Weapon Stats Main Container/Vertical Stack Container/BorderContainer/RightBracketContainer/FlowDirectionExpandAttributesButtonContainer/ExpandAttributes Button/FlowDirectionDefaultContainer/RimeStackContainer/CL_InputActionIcon/IconContainer/ComboIcon/RimeStackContainer/PrimaryIcon/Label w Minimum Width/BackgroundFill_Add	RimeVectorShapeElementData	BackgroundFill_Add	common/ui/componentlibrary/shared/inputaction/inputactionicon/cb_hud_inputicon		0.0	1.0	0.0	0.0	0.5	0.0	0.5	0.5	0.0	0.0	0.5	1.0	256.0	20.0	0	0	1	0	0	0	0					1659.000	485.000	22.000	20.000	stretch	authored	yes
common/ui/weapons/screens/menuweaponscreen	18	Default/MetaCustomization_AbilityStatsView/Container/AbilityAttributes/Weapon Stats Main Container/Vertical Stack Container/BorderContainer/RightBracketContainer/FlowDirectionExpandAttributesButtonContainer/ExpandAttributes Button/FlowDirectionDefaultContainer/RimeStackContainer/CL_InputActionIcon/IconContainer/ComboIcon/RimeStackContainer/PrimaryIcon/Label w Minimum Width/BackgroundOutlined_Normal	RimeVectorShapeElementData	BackgroundOutlined_Normal	common/ui/componentlibrary/shared/inputaction/inputactionicon/cb_hud_inputicon		0.0	1.0	0.0	0.0	0.5	0.0	0.5	0.5	0.0	0.0	0.5	1.0	256.0	20.0	0	0	1	0	0	0	0					1659.000	485.000	22.000	20.000	stretch	authored	yes
common/ui/weapons/screens/menuweaponscreen	18	Default/MetaCustomization_AbilityStatsView/Container/AbilityAttributes/Weapon Stats Main Container/Vertical Stack Container/BorderContainer/RightBracketContainer/FlowDirectionExpandAttributesButtonContainer/ExpandAttributes Button/FlowDirectionDefaultContainer/RimeStackContainer/CL_InputActionIcon/IconContainer/ComboIcon/RimeStackContainer/PrimaryIcon/Label w Minimum Width/Label w Horizontal Padding	RimeLabelElementData	Label w Horizontal Padding	common/ui/componentlibrary/shared/inputaction/inputactionicon/cb_hud_inputicon		0.5	0.5	0.0	0.0	0.5	1.0	0.5	0.5	0.0	0.0	0.5	1.0	22.0	16.0	1	1	1	4	0	4	0					1659.000	487.000	22.000	16.000	content	content	no
common/ui/weapons/screens/menuweaponscreen	17	Default/MetaCustomization_AbilityStatsView/Container/AbilityAttributes/Weapon Stats Main Container/Vertical Stack Container/BorderContainer/RightBracketContainer/FlowDirectionExpandAttributesButtonContainer/ExpandAttributes Button/FlowDirectionDefaultContainer/RimeStackContainer/CL_InputActionIcon/IconContainer/ComboIcon/RimeStackContainer/PrimaryIcon/IconFill_Add	RimeSvgElementData	IconFill_Add	common/ui/componentlibrary/shared/inputaction/inputactionicon/cb_hud_inputicon		0.5	0.5	0.0	0.0	0.5	1.0	0.5	0.5	0.0	0.0	0.5	1.0	32.0	32.0	0	0	0	0	0	0	0					1654.000	479.000	32.000	32.000	authored	authored	yes
common/ui/weapons/screens/menuweaponscreen	17	Default/MetaCustomization_AbilityStatsView/Container/AbilityAttributes/Weapon Stats Main Container/Vertical Stack Container/BorderContainer/RightBracketContainer/FlowDirectionExpandAttributesButtonContainer/ExpandAttributes Button/FlowDirectionDefaultContainer/RimeStackContainer/CL_InputActionIcon/IconContainer/ComboIcon/RimeStackContainer/PrimaryIcon/IconOutlined_Normal	RimeSvgElementData	IconOutlined_Normal	common/ui/componentlibrary/shared/inputaction/inputactionicon/cb_hud_inputicon		0.5	0.5	0.0	0.0	0.5	1.0	0.5	0.5	0.0	0.0	0.5	1.0	32.0	32.0	0	0	0	0	0	0	0					1654.000	479.000	32.000	32.000	authored	authored	yes
common/ui/weapons/screens/menuweaponscreen	16	Default/MetaCustomization_AbilityStatsView/Container/AbilityAttributes/Weapon Stats Main Container/Vertical Stack Container/BorderContainer/RightBracketContainer/FlowDirectionExpandAttributesButtonContainer/ExpandAttributes Button/FlowDirectionDefaultContainer/RimeStackContainer/CL_InputActionIcon/IconContainer/ComboIcon/RimeStackContainer/CB_InputIcon_PlusShape	ca959de9-1107-7900-4a87-49f1b9a90f90	CB_InputIcon_PlusShape	common/ui/componentlibrary/shared/inputaction/inputactionicon/cb_hud_inputiconcombo	common/ui/componentlibrary/components/icons/cl_hud_vectorshape	0.0	0.0	0.0	0.0	0.0	1.0	0.5	0.5	0.0	0.0	0.5	1.0	8.0	8.0	0	0	1	0	0	0	0					1686.000	491.000	8.000	8.000	authored	authored	yes
common/ui/weapons/screens/menuweaponscreen	17	Default/MetaCustomization_AbilityStatsView/Container/AbilityAttributes/Weapon Stats Main Container/Vertical Stack Container/BorderContainer/RightBracketContainer/FlowDirectionExpandAttributesButtonContainer/ExpandAttributes Button/FlowDirectionDefaultContainer/RimeStackContainer/CL_InputActionIcon/IconContainer/ComboIcon/RimeStackContainer/CB_InputIcon_PlusShape/VectorShape_Normal	RimeVectorShapeElementData	VectorShape_Normal	common/ui/componentlibrary/components/icons/cl_hud_vectorshape		0.5	0.5	0.0	0.0	0.5	1.0	0.5	0.5	0.0	0.0	0.5	1.0	32.0	32.0	0	0	1	0	0	0	0					1674.000	479.000	32.000	32.000	authored	authored	yes
common/ui/weapons/screens/menuweaponscreen	17	Default/MetaCustomization_AbilityStatsView/Container/AbilityAttributes/Weapon Stats Main Container/Vertical Stack Container/BorderContainer/RightBracketContainer/FlowDirectionExpandAttributesButtonContainer/ExpandAttributes Button/FlowDirectionDefaultContainer/RimeStackContainer/CL_InputActionIcon/IconContainer/ComboIcon/RimeStackContainer/CB_InputIcon_PlusShape/VectorShape_Add	RimeVectorShapeElementData	VectorShape_Add	common/ui/componentlibrary/components/icons/cl_hud_vectorshape		0.5	0.5	0.0	0.0	0.5	1.0	0.5	0.5	0.0	0.0	0.5	1.0	32.0	32.0	0	0	1	0	0	0	0					1674.000	479.000	32.000	32.000	authored	authored	yes
common/ui/weapons/screens/menuweaponscreen	16	Default/MetaCustomization_AbilityStatsView/Container/AbilityAttributes/Weapon Stats Main Container/Vertical Stack Container/BorderContainer/RightBracketContainer/FlowDirectionExpandAttributesButtonContainer/ExpandAttributes Button/FlowDirectionDefaultContainer/RimeStackContainer/CL_InputActionIcon/IconContainer/ComboIcon/RimeStackContainer/SecondaryIcon	ca959de9-1107-7900-4a87-49f1b9a90f90	SecondaryIcon	common/ui/componentlibrary/shared/inputaction/inputactionicon/cb_hud_inputiconcombo	common/ui/componentlibrary/shared/inputaction/inputactionicon/cb_hud_inputicon	0.0	0.0	0.0	0.0	0.0	1.0	0.5	0.5	0.0	0.0	0.5	1.0	20.0	20.0	0	0	1	0	0	0	0					1700.000	485.000	20.000	20.000	authored	authored	yes
common/ui/weapons/screens/menuweaponscreen	17	Default/MetaCustomization_AbilityStatsView/Container/AbilityAttributes/Weapon Stats Main Container/Vertical Stack Container/BorderContainer/RightBracketContainer/FlowDirectionExpandAttributesButtonContainer/ExpandAttributes Button/FlowDirectionDefaultContainer/RimeStackContainer/CL_InputActionIcon/IconContainer/ComboIcon/RimeStackContainer/SecondaryIcon/Label w Minimum Width	RimeContainerElementData	Label w Minimum Width	common/ui/componentlibrary/shared/inputaction/inputactionicon/cb_hud_inputicon		0.5	0.5	0.0	0.0	0.5	1.0	0.5	0.5	0.0	0.0	0.5	1.0	22.0	20.0	1	0	0	0	0	0	0					1699.000	485.000	22.000	20.000	content	authored	no
common/ui/weapons/screens/menuweaponscreen	18	Default/MetaCustomization_AbilityStatsView/Container/AbilityAttributes/Weapon Stats Main Container/Vertical Stack Container/BorderContainer/RightBracketContainer/FlowDirectionExpandAttributesButtonContainer/ExpandAttributes Button/FlowDirectionDefaultContainer/RimeStackContainer/CL_InputActionIcon/IconContainer/ComboIcon/RimeStackContainer/SecondaryIcon/Label w Minimum Width/BackgroundFill_Add	RimeVectorShapeElementData	BackgroundFill_Add	common/ui/componentlibrary/shared/inputaction/inputactionicon/cb_hud_inputicon		0.0	1.0	0.0	0.0	0.5	0.0	0.5	0.5	0.0	0.0	0.5	1.0	256.0	20.0	0	0	1	0	0	0	0					1699.000	485.000	22.000	20.000	stretch	authored	yes
common/ui/weapons/screens/menuweaponscreen	18	Default/MetaCustomization_AbilityStatsView/Container/AbilityAttributes/Weapon Stats Main Container/Vertical Stack Container/BorderContainer/RightBracketContainer/FlowDirectionExpandAttributesButtonContainer/ExpandAttributes Button/FlowDirectionDefaultContainer/RimeStackContainer/CL_InputActionIcon/IconContainer/ComboIcon/RimeStackContainer/SecondaryIcon/Label w Minimum Width/BackgroundOutlined_Normal	RimeVectorShapeElementData	BackgroundOutlined_Normal	common/ui/componentlibrary/shared/inputaction/inputactionicon/cb_hud_inputicon		0.0	1.0	0.0	0.0	0.5	0.0	0.5	0.5	0.0	0.0	0.5	1.0	256.0	20.0	0	0	1	0	0	0	0					1699.000	485.000	22.000	20.000	stretch	authored	yes
common/ui/weapons/screens/menuweaponscreen	18	Default/MetaCustomization_AbilityStatsView/Container/AbilityAttributes/Weapon Stats Main Container/Vertical Stack Container/BorderContainer/RightBracketContainer/FlowDirectionExpandAttributesButtonContainer/ExpandAttributes Button/FlowDirectionDefaultContainer/RimeStackContainer/CL_InputActionIcon/IconContainer/ComboIcon/RimeStackContainer/SecondaryIcon/Label w Minimum Width/Label w Horizontal Padding	RimeLabelElementData	Label w Horizontal Padding	common/ui/componentlibrary/shared/inputaction/inputactionicon/cb_hud_inputicon		0.5	0.5	0.0	0.0	0.5	1.0	0.5	0.5	0.0	0.0	0.5	1.0	22.0	16.0	1	1	1	4	0	4	0					1699.000	487.000	22.000	16.000	content	content	no
common/ui/weapons/screens/menuweaponscreen	17	Default/MetaCustomization_AbilityStatsView/Container/AbilityAttributes/Weapon Stats Main Container/Vertical Stack Container/BorderContainer/RightBracketContainer/FlowDirectionExpandAttributesButtonContainer/ExpandAttributes Button/FlowDirectionDefaultContainer/RimeStackContainer/CL_InputActionIcon/IconContainer/ComboIcon/RimeStackContainer/SecondaryIcon/IconFill_Add	RimeSvgElementData	IconFill_Add	common/ui/componentlibrary/shared/inputaction/inputactionicon/cb_hud_inputicon		0.5	0.5	0.0	0.0	0.5	1.0	0.5	0.5	0.0	0.0	0.5	1.0	32.0	32.0	0	0	0	0	0	0	0					1694.000	479.000	32.000	32.000	authored	authored	yes
common/ui/weapons/screens/menuweaponscreen	17	Default/MetaCustomization_AbilityStatsView/Container/AbilityAttributes/Weapon Stats Main Container/Vertical Stack Container/BorderContainer/RightBracketContainer/FlowDirectionExpandAttributesButtonContainer/ExpandAttributes Button/FlowDirectionDefaultContainer/RimeStackContainer/CL_InputActionIcon/IconContainer/ComboIcon/RimeStackContainer/SecondaryIcon/IconOutlined_Normal	RimeSvgElementData	IconOutlined_Normal	common/ui/componentlibrary/shared/inputaction/inputactionicon/cb_hud_inputicon		0.5	0.5	0.0	0.0	0.5	1.0	0.5	0.5	0.0	0.0	0.5	1.0	32.0	32.0	0	0	0	0	0	0	0					1694.000	479.000	32.000	32.000	authored	authored	yes
common/ui/weapons/screens/menuweaponscreen	14	Default/MetaCustomization_AbilityStatsView/Container/AbilityAttributes/Weapon Stats Main Container/Vertical Stack Container/BorderContainer/RightBracketContainer/FlowDirectionExpandAttributesButtonContainer/ExpandAttributes Button/FlowDirectionDefaultContainer/RimeStackContainer/CL_InputActionIcon/IconContainer/SingleIcon	ca959de9-1107-7900-4a87-49f1b9a90f90	SingleIcon	common/ui/componentlibrary/components/input/inputicon/cl_hud_singlekey_inputactionicon	common/ui/componentlibrary/shared/inputaction/inputactionicon/cb_hud_inputicon	0.5	0.5	0.0	0.0	0.5	1.0	0.5	0.5	0.0	0.0	0.5	1.0	20.0	20.0	0	0	0	0	0	0	0					1680.000	485.000	20.000	20.000	authored	authored	yes
common/ui/weapons/screens/menuweaponscreen	15	Default/MetaCustomization_AbilityStatsView/Container/AbilityAttributes/Weapon Stats Main Container/Vertical Stack Container/BorderContainer/RightBracketContainer/FlowDirectionExpandAttributesButtonContainer/ExpandAttributes Button/FlowDirectionDefaultContainer/RimeStackContainer/CL_InputActionIcon/IconContainer/SingleIcon/Label w Minimum Width	RimeContainerElementData	Label w Minimum Width	common/ui/componentlibrary/shared/inputaction/inputactionicon/cb_hud_inputicon		0.5	0.5	0.0	0.0	0.5	1.0	0.5	0.5	0.0	0.0	0.5	1.0	22.0	20.0	1	0	0	0	0	0	0					1679.000	485.000	22.000	20.000	content	authored	no
common/ui/weapons/screens/menuweaponscreen	16	Default/MetaCustomization_AbilityStatsView/Container/AbilityAttributes/Weapon Stats Main Container/Vertical Stack Container/BorderContainer/RightBracketContainer/FlowDirectionExpandAttributesButtonContainer/ExpandAttributes Button/FlowDirectionDefaultContainer/RimeStackContainer/CL_InputActionIcon/IconContainer/SingleIcon/Label w Minimum Width/BackgroundFill_Add	RimeVectorShapeElementData	BackgroundFill_Add	common/ui/componentlibrary/shared/inputaction/inputactionicon/cb_hud_inputicon		0.0	1.0	0.0	0.0	0.5	0.0	0.5	0.5	0.0	0.0	0.5	1.0	256.0	20.0	0	0	1	0	0	0	0					1679.000	485.000	22.000	20.000	stretch	authored	yes
common/ui/weapons/screens/menuweaponscreen	16	Default/MetaCustomization_AbilityStatsView/Container/AbilityAttributes/Weapon Stats Main Container/Vertical Stack Container/BorderContainer/RightBracketContainer/FlowDirectionExpandAttributesButtonContainer/ExpandAttributes Button/FlowDirectionDefaultContainer/RimeStackContainer/CL_InputActionIcon/IconContainer/SingleIcon/Label w Minimum Width/BackgroundOutlined_Normal	RimeVectorShapeElementData	BackgroundOutlined_Normal	common/ui/componentlibrary/shared/inputaction/inputactionicon/cb_hud_inputicon		0.0	1.0	0.0	0.0	0.5	0.0	0.5	0.5	0.0	0.0	0.5	1.0	256.0	20.0	0	0	1	0	0	0	0					1679.000	485.000	22.000	20.000	stretch	authored	yes
common/ui/weapons/screens/menuweaponscreen	16	Default/MetaCustomization_AbilityStatsView/Container/AbilityAttributes/Weapon Stats Main Container/Vertical Stack Container/BorderContainer/RightBracketContainer/FlowDirectionExpandAttributesButtonContainer/ExpandAttributes Button/FlowDirectionDefaultContainer/RimeStackContainer/CL_InputActionIcon/IconContainer/SingleIcon/Label w Minimum Width/Label w Horizontal Padding	RimeLabelElementData	Label w Horizontal Padding	common/ui/componentlibrary/shared/inputaction/inputactionicon/cb_hud_inputicon		0.5	0.5	0.0	0.0	0.5	1.0	0.5	0.5	0.0	0.0	0.5	1.0	22.0	16.0	1	1	1	4	0	4	0					1679.000	487.000	22.000	16.000	content	content	no
common/ui/weapons/screens/menuweaponscreen	15	Default/MetaCustomization_AbilityStatsView/Container/AbilityAttributes/Weapon Stats Main Container/Vertical Stack Container/BorderContainer/RightBracketContainer/FlowDirectionExpandAttributesButtonContainer/ExpandAttributes Button/FlowDirectionDefaultContainer/RimeStackContainer/CL_InputActionIcon/IconContainer/SingleIcon/IconFill_Add	RimeSvgElementData	IconFill_Add	common/ui/componentlibrary/shared/inputaction/inputactionicon/cb_hud_inputicon		0.5	0.5	0.0	0.0	0.5	1.0	0.5	0.5	0.0	0.0	0.5	1.0	32.0	32.0	0	0	0	0	0	0	0					1674.000	479.000	32.000	32.000	authored	authored	yes
common/ui/weapons/screens/menuweaponscreen	15	Default/MetaCustomization_AbilityStatsView/Container/AbilityAttributes/Weapon Stats Main Container/Vertical Stack Container/BorderContainer/RightBracketContainer/FlowDirectionExpandAttributesButtonContainer/ExpandAttributes Button/FlowDirectionDefaultContainer/RimeStackContainer/CL_InputActionIcon/IconContainer/SingleIcon/IconOutlined_Normal	RimeSvgElementData	IconOutlined_Normal	common/ui/componentlibrary/shared/inputaction/inputactionicon/cb_hud_inputicon		0.5	0.5	0.0	0.0	0.5	1.0	0.5	0.5	0.0	0.0	0.5	1.0	32.0	32.0	0	0	0	0	0	0	0					1674.000	479.000	32.000	32.000	authored	authored	yes
common/ui/weapons/screens/menuweaponscreen	14	Default/MetaCustomization_AbilityStatsView/Container/AbilityAttributes/Weapon Stats Main Container/Vertical Stack Container/BorderContainer/RightBracketContainer/FlowDirectionExpandAttributesButtonContainer/ExpandAttributes Button/FlowDirectionDefaultContainer/RimeStackContainer/CL_InputActionIcon/IconContainer/ProgressContainer	RimeContainerElementData	ProgressContainer	common/ui/componentlibrary/components/input/inputicon/cl_hud_singlekey_inputactionicon		0.0	1.0	0.0	0.0	0.5	0.0	0.5	0.5	0.0	0.0	0.5	1.0	256.0	32.0	0	0	1	0	0	0	0					1680.000	479.000	20.000	32.000	stretch	authored	yes
common/ui/weapons/screens/menuweaponscreen	15	Default/MetaCustomization_AbilityStatsView/Container/AbilityAttributes/Weapon Stats Main Container/Vertical Stack Container/BorderContainer/RightBracketContainer/FlowDirectionExpandAttributesButtonContainer/ExpandAttributes Button/FlowDirectionDefaultContainer/RimeStackContainer/CL_InputActionIcon/IconContainer/ProgressContainer/RectangleProgressBarBG	RimeLineElementData	RectangleProgressBarBG	common/ui/componentlibrary/components/input/inputicon/cl_hud_singlekey_inputactionicon		0.0	1.0	0.0	0.0	0.5	0.0	0.5	0.5	0.0	0.0	0.5	1.0	256.0	30.0	0	0	0	-4	0	-4	0					1680.000	480.000	20.000	30.000	stretch	authored	yes
common/ui/weapons/screens/menuweaponscreen	15	Default/MetaCustomization_AbilityStatsView/Container/AbilityAttributes/Weapon Stats Main Container/Vertical Stack Container/BorderContainer/RightBracketContainer/FlowDirectionExpandAttributesButtonContainer/ExpandAttributes Button/FlowDirectionDefaultContainer/RimeStackContainer/CL_InputActionIcon/IconContainer/ProgressContainer/RectangleProgressBar	RimeLineElementData	RectangleProgressBar	common/ui/componentlibrary/components/input/inputicon/cl_hud_singlekey_inputactionicon		0.0	1.0	0.0	0.0	0.5	0.0	0.5	0.5	0.0	0.0	0.5	1.0	256.0	30.0	0	0	0	-4	0	-4	0					1680.000	480.000	20.000	30.000	stretch	authored	yes
common/ui/weapons/screens/menuweaponscreen	15	Default/MetaCustomization_AbilityStatsView/Container/AbilityAttributes/Weapon Stats Main Container/Vertical Stack Container/BorderContainer/RightBracketContainer/FlowDirectionExpandAttributesButtonContainer/ExpandAttributes Button/FlowDirectionDefaultContainer/RimeStackContainer/CL_InputActionIcon/IconContainer/ProgressContainer/RoundProgressBarBG	RimeArcProgressBarElementData	RoundProgressBarBG	common/ui/componentlibrary/components/input/inputicon/cl_hud_singlekey_inputactionicon		0.5	0.5	0.0	0.0	0.5	1.0	0.5	0.5	0.0	0.0	0.5	1.0	32.0	32.0	0	0	0	0	0	0	0					1674.000	479.000	32.000	32.000	authored	authored	yes
common/ui/weapons/screens/menuweaponscreen	15	Default/MetaCustomization_AbilityStatsView/Container/AbilityAttributes/Weapon Stats Main Container/Vertical Stack Container/BorderContainer/RightBracketContainer/FlowDirectionExpandAttributesButtonContainer/ExpandAttributes Button/FlowDirectionDefaultContainer/RimeStackContainer/CL_InputActionIcon/IconContainer/ProgressContainer/RoundProgressBar	RimeArcProgressBarElementData	RoundProgressBar	common/ui/componentlibrary/components/input/inputicon/cl_hud_singlekey_inputactionicon		0.5	0.5	0.0	0.0	0.5	1.0	0.5	0.5	0.0	0.0	0.5	1.0	32.0	32.0	0	0	0	0	0	0	0					1674.000	479.000	32.000	32.000	authored	authored	yes
common/ui/weapons/screens/menuweaponscreen	12	Default/MetaCustomization_AbilityStatsView/Container/AbilityAttributes/Weapon Stats Main Container/Vertical Stack Container/BorderContainer/RightBracketContainer/FlowDirectionExpandAttributesButtonContainer/ExpandAttributes Button/FlowDirectionDefaultContainer/RimeStackContainer/Prompt Label	RimeLabelElementData	Prompt Label	common/ui/componentlibrary/components/buttons/cl_inputactionpromptbutton		0.5	0.5	0.0	0.0	0.5	1.0	0.5	0.5	0.0	0.0	0.5	1.0	256.0	40.0	1	0	1	0	0	0	0					1718.000	475.000	256.000	40.000	content	authored	no
common/ui/weapons/screens/menuweaponscreen	11	Default/MetaCustomization_AbilityStatsView/Container/AbilityAttributes/Weapon Stats Main Container/Vertical Stack Container/BorderContainer/RightBracketContainer/FlowDirectionExpandAttributesButtonContainer/ExpandAttributes Button/FlowDirectionDefaultContainer/CB_Interactable	ca959de9-1107-7900-4a87-49f1b9a90f90	CB_Interactable	common/ui/componentlibrary/components/buttons/cl_inputactionpromptbutton	common/ui/componentlibrary/shared/interaction/cb_interactable_advanced	0.0	1.0	0.0	0.0	0.5	0.0	0.5	0.5	0.0	0.0	0.5	1.0	256.0	40.0	0	0	1	0	0	0	0					1806.000	475.000	32.000	40.000	stretch	authored	yes
common/ui/weapons/screens/menuweaponscreen	12	Default/MetaCustomization_AbilityStatsView/Container/AbilityAttributes/Weapon Stats Main Container/Vertical Stack Container/BorderContainer/RightBracketContainer/FlowDirectionExpandAttributesButtonContainer/ExpandAttributes Button/FlowDirectionDefaultContainer/CB_Interactable/PrimaryButtonBehavior	295b0545-d165-e962-3ebe-e871ce63aa88	PrimaryButtonBehavior	common/ui/componentlibrary/shared/interaction/cb_interactable_advanced		0.0	1.0	0.0	0.0	0.5	0.0	0.0	1.0	0.0	0.0	0.5	0.0	256.0	256.0	0	0	1	0	0	0	0					1806.000	475.000	32.000	40.000	stretch	stretch	yes
common/ui/weapons/screens/menuweaponscreen	12	Default/MetaCustomization_AbilityStatsView/Container/AbilityAttributes/Weapon Stats Main Container/Vertical Stack Container/BorderContainer/RightBracketContainer/FlowDirectionExpandAttributesButtonContainer/ExpandAttributes Button/FlowDirectionDefaultContainer/CB_Interactable/SecondaryButtonBehavior	295b0545-d165-e962-3ebe-e871ce63aa88	SecondaryButtonBehavior	common/ui/componentlibrary/shared/interaction/cb_interactable_advanced		0.0	1.0	0.0	0.0	0.5	0.0	0.0	1.0	0.0	0.0	0.5	0.0	256.0	256.0	0	0	1	0	0	0	0					1806.000	475.000	32.000	40.000	stretch	stretch	yes
common/ui/weapons/screens/menuweaponscreen	12	Default/MetaCustomization_AbilityStatsView/Container/AbilityAttributes/Weapon Stats Main Container/Vertical Stack Container/BorderContainer/RightBracketContainer/FlowDirectionExpandAttributesButtonContainer/ExpandAttributes Button/FlowDirectionDefaultContainer/CB_Interactable/TertiaryButtonBehavior	295b0545-d165-e962-3ebe-e871ce63aa88	TertiaryButtonBehavior	common/ui/componentlibrary/shared/interaction/cb_interactable_advanced		0.0	1.0	0.0	0.0	0.5	0.0	0.0	1.0	0.0	0.0	0.5	0.0	256.0	256.0	0	0	1	0	0	0	0					1806.000	475.000	32.000	40.000	stretch	stretch	yes
common/ui/weapons/screens/menuweaponscreen	11	Default/MetaCustomization_AbilityStatsView/Container/AbilityAttributes/Weapon Stats Main Container/Vertical Stack Container/BorderContainer/RightBracketContainer/FlowDirectionExpandAttributesButtonContainer/ExpandAttributes Button/FlowDirectionDefaultContainer/CB_HoverVisual	ca959de9-1107-7900-4a87-49f1b9a90f90	CB_HoverVisual	common/ui/componentlibrary/components/buttons/cl_inputactionpromptbutton	common/ui/componentlibrary/components/indicators/cb_hovervisual	0.0	1.0	0.0	0.0	0.5	0.0	0.5	0.5	0.0	0.0	0.5	1.0	128.0	40.0	0	0	1	0	0	0	0					1806.000	475.000	32.000	40.000	stretch	authored	yes
common/ui/weapons/screens/menuweaponscreen	12	Default/MetaCustomization_AbilityStatsView/Container/AbilityAttributes/Weapon Stats Main Container/Vertical Stack Container/BorderContainer/RightBracketContainer/FlowDirectionExpandAttributesButtonContainer/ExpandAttributes Button/FlowDirectionDefaultContainer/CB_HoverVisual/[RimeFill] Overlay	RimeFillElementData	[RimeFill] Overlay	common/ui/componentlibrary/components/indicators/cb_hovervisual		0.0	1.0	0.0	0.0	0.5	0.0	0.0	1.0	0.0	0.0	0.5	0.0	256.0	256.0	0	0	1	0	0	0	0					1806.000	475.000	32.000	40.000	stretch	stretch	yes
common/ui/weapons/screens/menuweaponscreen	8	Default/MetaCustomization_AbilityStatsView/Container/AbilityAttributes/Weapon Stats Main Container/Vertical Stack Container/BorderContainer/RightBracketContainer/RightLowerBracket	RimeVectorShapeElementData	RightLowerBracket	common/ui/weaponcustomization/widgets/weaponattributes		1.0	1.0	-2.0	2.0	1.0	1.0	0.0	0.0	0.0	0.0	0.0	1.0	8.0	12.0	0	0	1	0	0	0	2					1810.000	517.000	8.000	12.000	authored	authored	yes
common/ui/weapons/screens/menuweaponscreen	6	Default/MetaCustomization_AbilityStatsView/Container/AbilityAttributes/Weapon Stats Main Container/Vertical Stack Container/FlowDirectionMasteryProgressBadgeContainer	RimeContainerElementData	FlowDirectionMasteryProgressBadgeContainer	common/ui/weaponcustomization/widgets/weaponattributes		0.0	1.0	0.0	0.0	0.5	0.0	0.0	0.0	0.0	0.0	0.0	1.0	256.0	256.0	0	1	1	0	0	0	0					1324.000	752.000	488.000	256.000	stretch	content	no
common/ui/weapons/screens/menuweaponscreen	7	Default/MetaCustomization_AbilityStatsView/Container/AbilityAttributes/Weapon Stats Main Container/Vertical Stack Container/FlowDirectionMasteryProgressBadgeContainer/CL_MasteryProgressBadge	ca959de9-1107-7900-4a87-49f1b9a90f90	CL_MasteryProgressBadge	common/ui/weaponcustomization/widgets/weaponattributes	common/ui/componentlibrary/components/gridslists/cl_masteryprogressbadge	1.0	1.0	6.0	-6.0	1.0	1.0	0.0	0.0	0.0	0.0	0.0	1.0	144.0	256.0	0	0	1	0	0	0	0					1674.000	752.000	144.000	256.000	authored	authored	yes
common/ui/weapons/screens/menuweaponscreen	8	Default/MetaCustomization_AbilityStatsView/Container/AbilityAttributes/Weapon Stats Main Container/Vertical Stack Container/FlowDirectionMasteryProgressBadgeContainer/CL_MasteryProgressBadge/[CL_Border_Shapes] Brackets	ca959de9-1107-7900-4a87-49f1b9a90f90	[CL_Border_Shapes] Brackets	common/ui/componentlibrary/components/gridslists/cl_masteryprogressbadge	common/ui/componentlibrary/components/borders/cl_border_shapes_resize	0.0	0.0	0.0	0.0	0.0	1.0	0.0	1.0	0.0	0.0	0.5	0.0	144.0	128.0	0	0	1	0	0	0	0					1674.000	752.000	144.000	256.000	authored	stretch	yes
common/ui/weapons/screens/menuweaponscreen	9	Default/MetaCustomization_AbilityStatsView/Container/AbilityAttributes/Weapon Stats Main Container/Vertical Stack Container/FlowDirectionMasteryProgressBadgeContainer/CL_MasteryProgressBadge/[CL_Border_Shapes] Brackets/[Container] CornerShapes	RimeContainerElementData	[Container] CornerShapes	common/ui/componentlibrary/components/borders/cl_border_shapes_resize		0.0	1.0	0.0	0.0	0.5	0.0	0.0	1.0	0.0	0.0	0.5	0.0	4.0	4.0	0	0	1	0	0	0	0					1674.000	752.000	144.000	256.000	stretch	stretch	yes
common/ui/weapons/screens/menuweaponscreen	10	Default/MetaCustomization_AbilityStatsView/Container/AbilityAttributes/Weapon Stats Main Container/Vertical Stack Container/FlowDirectionMasteryProgressBadgeContainer/CL_MasteryProgressBadge/[CL_Border_Shapes] Brackets/[Container] CornerShapes/TopLeft	RimeVectorShapeElementData	TopLeft	common/ui/componentlibrary/components/borders/cl_border_shapes_resize		0.0	0.0	0.0	0.0	0.0	1.0	0.0	0.0	0.0	0.0	0.0	1.0	8.0	8.0	0	0	1	0	0	0	0					1674.000	752.000	8.000	8.000	authored	authored	yes
common/ui/weapons/screens/menuweaponscreen	10	Default/MetaCustomization_AbilityStatsView/Container/AbilityAttributes/Weapon Stats Main Container/Vertical Stack Container/FlowDirectionMasteryProgressBadgeContainer/CL_MasteryProgressBadge/[CL_Border_Shapes] Brackets/[Container] CornerShapes/TopRight	RimeVectorShapeElementData	TopRight	common/ui/componentlibrary/components/borders/cl_border_shapes_resize		1.0	1.0	0.0	0.0	1.0	1.0	0.0	0.0	0.0	0.0	0.0	1.0	8.0	8.0	0	0	1	0	0	0	0					1810.000	752.000	8.000	8.000	authored	authored	yes
common/ui/weapons/screens/menuweaponscreen	10	Default/MetaCustomization_AbilityStatsView/Container/AbilityAttributes/Weapon Stats Main Container/Vertical Stack Container/FlowDirectionMasteryProgressBadgeContainer/CL_MasteryProgressBadge/[CL_Border_Shapes] Brackets/[Container] CornerShapes/BottomLeft	RimeVectorShapeElementData	BottomLeft	common/ui/componentlibrary/components/borders/cl_border_shapes_resize		0.0	0.0	0.0	0.0	0.0	1.0	1.0	1.0	0.0	0.0	1.0	1.0	8.0	8.0	0	0	1	0	0	0	0					1674.000	1000.000	8.000	8.000	authored	authored	yes
common/ui/weapons/screens/menuweaponscreen	10	Default/MetaCustomization_AbilityStatsView/Container/AbilityAttributes/Weapon Stats Main Container/Vertical Stack Container/FlowDirectionMasteryProgressBadgeContainer/CL_MasteryProgressBadge/[CL_Border_Shapes] Brackets/[Container] CornerShapes/BottomRight	RimeVectorShapeElementData	BottomRight	common/ui/componentlibrary/components/borders/cl_border_shapes_resize		1.0	1.0	0.0	0.0	1.0	1.0	1.0	1.0	0.0	0.0	1.0	1.0	8.0	8.0	0	0	1	0	0	0	0					1810.000	1000.000	8.000	8.000	authored	authored	yes
common/ui/weapons/screens/menuweaponscreen	8	Default/MetaCustomization_AbilityStatsView/Container/AbilityAttributes/Weapon Stats Main Container/Vertical Stack Container/FlowDirectionMasteryProgressBadgeContainer/CL_MasteryProgressBadge/CL_ProgressBar	ca959de9-1107-7900-4a87-49f1b9a90f90	CL_ProgressBar	common/ui/componentlibrary/components/gridslists/cl_masteryprogressbadge	common/ui/componentlibrary/components/indicators/cl_fe_progressbar	0.5	0.5	0.0	0.0	0.5	1.0	1.0	1.0	0.0	0.0	1.0	1.0	64.0	4.0	0	0	1	0	0	0	0					1714.000	1004.000	64.000	4.000	authored	authored	yes
common/ui/weapons/screens/menuweaponscreen	9	Default/MetaCustomization_AbilityStatsView/Container/AbilityAttributes/Weapon Stats Main Container/Vertical Stack Container/FlowDirectionMasteryProgressBadgeContainer/CL_MasteryProgressBadge/CL_ProgressBar/Progress Bar Container	RimeContainerElementData	Progress Bar Container	common/ui/componentlibrary/components/indicators/cl_fe_progressbar		0.0	1.0	0.0	0.0	0.5	0.0	0.0	1.0	0.0	0.0	0.5	0.0	350.0	256.0	0	0	1	0	0	0	0					1714.000	1004.000	64.000	4.000	stretch	stretch	yes
common/ui/weapons/screens/menuweaponscreen	10	Default/MetaCustomization_AbilityStatsView/Container/AbilityAttributes/Weapon Stats Main Container/Vertical Stack Container/FlowDirectionMasteryProgressBadgeContainer/CL_MasteryProgressBadge/CL_ProgressBar/Progress Bar Container/Background	RimeFillElementData	Background	common/ui/componentlibrary/components/indicators/cl_fe_progressbar		0.0	1.0	0.0	0.0	0.5	0.0	0.0	1.0	0.0	0.0	0.5	0.0	350.0	256.0	0	0	1	0	0	0	0					1714.000	1004.000	64.000	4.000	stretch	stretch	yes
common/ui/weapons/screens/menuweaponscreen	10	Default/MetaCustomization_AbilityStatsView/Container/AbilityAttributes/Weapon Stats Main Container/Vertical Stack Container/FlowDirectionMasteryProgressBadgeContainer/CL_MasteryProgressBadge/CL_ProgressBar/Progress Bar Container/Left Border	RimeFillElementData	Left Border	common/ui/componentlibrary/components/indicators/cl_fe_progressbar		0.0	0.0	0.0	0.0	0.0	1.0	0.0	1.0	0.0	0.0	0.5	0.0	2.0	256.0	0	0	1	0	0	0	0					1714.000	1004.000	2.000	4.000	authored	stretch	yes
common/ui/weapons/screens/menuweaponscreen	10	Default/MetaCustomization_AbilityStatsView/Container/AbilityAttributes/Weapon Stats Main Container/Vertical Stack Container/FlowDirectionMasteryProgressBadgeContainer/CL_MasteryProgressBadge/CL_ProgressBar/Progress Bar Container/Right Border	RimeFillElementData	Right Border	common/ui/componentlibrary/components/indicators/cl_fe_progressbar		1.0	1.0	0.0	0.0	1.0	1.0	0.0	1.0	0.0	0.0	0.5	0.0	2.0	256.0	0	0	1	0	0	0	0					1776.000	1004.000	2.000	4.000	authored	stretch	yes
common/ui/weapons/screens/menuweaponscreen	10	Default/MetaCustomization_AbilityStatsView/Container/AbilityAttributes/Weapon Stats Main Container/Vertical Stack Container/FlowDirectionMasteryProgressBadgeContainer/CL_MasteryProgressBadge/CL_ProgressBar/Progress Bar Container/Delta Progress Bar	RimeProgressBarElementData	Delta Progress Bar	common/ui/componentlibrary/components/indicators/cl_fe_progressbar		0.0	1.0	0.0	0.0	0.5	0.0	0.0	1.0	0.0	0.0	0.5	0.0	350.0	6.0	0	0	0	0	0	0	0					1714.000	1004.000	64.000	4.000	stretch	stretch	yes
common/ui/weapons/screens/menuweaponscreen	10	Default/MetaCustomization_AbilityStatsView/Container/AbilityAttributes/Weapon Stats Main Container/Vertical Stack Container/FlowDirectionMasteryProgressBadgeContainer/CL_MasteryProgressBadge/CL_ProgressBar/Progress Bar Container/Divider	RimeProgressBarElementData	Divider	common/ui/componentlibrary/components/indicators/cl_fe_progressbar		0.0	1.0	4.0	2.0	0.5	0.0	0.0	1.0	0.0	0.0	0.5	0.0	350.0	6.0	0	0	0	0	0	0	0					1718.000	1004.000	58.000	4.000	stretch	stretch	yes
common/ui/weapons/screens/menuweaponscreen	10	Default/MetaCustomization_AbilityStatsView/Container/AbilityAttributes/Weapon Stats Main Container/Vertical Stack Container/FlowDirectionMasteryProgressBadgeContainer/CL_MasteryProgressBadge/CL_ProgressBar/Progress Bar Container/Main Progress Bar	RimeProgressBarElementData	Main Progress Bar	common/ui/componentlibrary/components/indicators/cl_fe_progressbar		0.0	1.0	0.0	0.0	0.5	0.0	0.0	1.0	0.0	0.0	0.5	0.0	350.0	6.0	0	0	1	0	0	0	0					1714.000	1004.000	64.000	4.000	stretch	stretch	yes
common/ui/weapons/screens/menuweaponscreen	10	Default/MetaCustomization_AbilityStatsView/Container/AbilityAttributes/Weapon Stats Main Container/Vertical Stack Container/FlowDirectionMasteryProgressBadgeContainer/CL_MasteryProgressBadge/CL_ProgressBar/Progress Bar Container/[RimeLine] Glow	RimeLineElementData	[RimeLine] Glow	common/ui/componentlibrary/components/indicators/cl_fe_progressbar		0.0	1.0	0.0	0.0	0.5	0.0	0.0	1.0	0.0	0.0	0.5	0.0	256.0	256.0	0	0	0	0	0	0	0					1714.000	1004.000	64.000	4.000	stretch	stretch	yes
common/ui/weapons/screens/menuweaponscreen	10	Default/MetaCustomization_AbilityStatsView/Container/AbilityAttributes/Weapon Stats Main Container/Vertical Stack Container/FlowDirectionMasteryProgressBadgeContainer/CL_MasteryProgressBadge/CL_ProgressBar/Progress Bar Container/[RimeLine] Delta Glow	RimeLineElementData	[RimeLine] Delta Glow	common/ui/componentlibrary/components/indicators/cl_fe_progressbar		0.0	1.0	0.0	0.0	0.5	0.0	0.0	1.0	0.0	0.0	0.5	0.0	256.0	256.0	0	0	0	0	0	0	0					1714.000	1004.000	64.000	4.000	stretch	stretch	yes
common/ui/weapons/screens/menuweaponscreen	8	Default/MetaCustomization_AbilityStatsView/Container/AbilityAttributes/Weapon Stats Main Container/Vertical Stack Container/FlowDirectionMasteryProgressBadgeContainer/CL_MasteryProgressBadge/CL_MasteryBadge	ca959de9-1107-7900-4a87-49f1b9a90f90	CL_MasteryBadge	common/ui/componentlibrary/components/gridslists/cl_masteryprogressbadge	common/ui/componentlibrary/components/gridslists/cl_masterybadge	0.0	1.0	0.0	0.0	0.5	0.0	0.0	0.0	0.0	0.0	0.0	1.0	256.0	256.0	0	0	1	0	0	0	0					1674.000	752.000	144.000	256.000	stretch	authored	yes
common/ui/weapons/screens/menuweaponscreen	9	Default/MetaCustomization_AbilityStatsView/Container/AbilityAttributes/Weapon Stats Main Container/Vertical Stack Container/FlowDirectionMasteryProgressBadgeContainer/CL_MasteryProgressBadge/CL_MasteryBadge/CL Icon Image	ca959de9-1107-7900-4a87-49f1b9a90f90	CL Icon Image	common/ui/componentlibrary/components/gridslists/cl_masterybadge	common/ui/componentlibrary/components/labels/cl_icon	0.5	0.5	0.0	0.0	0.5	1.0	0.5	0.5	0.0	0.0	0.5	1.0	108.0	108.0	0	0	1	0	0	0	0					1692.000	826.000	108.000	108.000	authored	authored	yes
common/ui/weapons/screens/menuweaponscreen	10	Default/MetaCustomization_AbilityStatsView/Container/AbilityAttributes/Weapon Stats Main Container/Vertical Stack Container/FlowDirectionMasteryProgressBadgeContainer/CL_MasteryProgressBadge/CL_MasteryBadge/CL Icon Image/Main Container	RimeContainerElementData	Main Container	common/ui/componentlibrary/components/labels/cl_icon		0.0	1.0	0.0	0.0	0.5	0.0	0.0	1.0	0.0	0.0	0.5	0.0	256.0	256.0	0	0	1	0	0	0	0					1692.000	826.000	108.000	108.000	stretch	stretch	yes
common/ui/weapons/screens/menuweaponscreen	11	Default/MetaCustomization_AbilityStatsView/Container/AbilityAttributes/Weapon Stats Main Container/Vertical Stack Container/FlowDirectionMasteryProgressBadgeContainer/CL_MasteryProgressBadge/CL_MasteryBadge/CL Icon Image/Main Container/IconTexture	RimeTextureElementData	IconTexture	common/ui/componentlibrary/components/labels/cl_icon		0.0	1.0	0.0	0.0	0.5	0.0	0.0	1.0	0.0	0.0	0.5	0.0	256.0	256.0	0	0	0	0	0	0	0					1692.000	826.000	108.000	108.000	stretch	stretch	yes
common/ui/weapons/screens/menuweaponscreen	11	Default/MetaCustomization_AbilityStatsView/Container/AbilityAttributes/Weapon Stats Main Container/Vertical Stack Container/FlowDirectionMasteryProgressBadgeContainer/CL_MasteryProgressBadge/CL_MasteryBadge/CL Icon Image/Main Container/IconSvg	RimeSvgElementData	IconSvg	common/ui/componentlibrary/components/labels/cl_icon		0.0	1.0	0.0	0.0	0.5	0.0	0.0	1.0	0.0	0.0	0.5	0.0	256.0	256.0	0	0	1	0	0	0	0					1692.000	826.000	108.000	108.000	stretch	stretch	yes
common/ui/weapons/screens/menuweaponscreen	9	Default/MetaCustomization_AbilityStatsView/Container/AbilityAttributes/Weapon Stats Main Container/Vertical Stack Container/FlowDirectionMasteryProgressBadgeContainer/CL_MasteryProgressBadge/CL_MasteryBadge/CL Icon Image Overlay	ca959de9-1107-7900-4a87-49f1b9a90f90	CL Icon Image Overlay	common/ui/componentlibrary/components/gridslists/cl_masterybadge	common/ui/componentlibrary/components/labels/cl_icon	0.5	0.5	0.0	0.0	0.5	1.0	0.5	0.5	0.0	0.0	0.5	1.0	108.0	108.0	0	0	1	0	0	0	0					1692.000	826.000	108.000	108.000	authored	authored	yes
common/ui/weapons/screens/menuweaponscreen	10	Default/MetaCustomization_AbilityStatsView/Container/AbilityAttributes/Weapon Stats Main Container/Vertical Stack Container/FlowDirectionMasteryProgressBadgeContainer/CL_MasteryProgressBadge/CL_MasteryBadge/CL Icon Image Overlay/Main Container	RimeContainerElementData	Main Container	common/ui/componentlibrary/components/labels/cl_icon		0.0	1.0	0.0	0.0	0.5	0.0	0.0	1.0	0.0	0.0	0.5	0.0	256.0	256.0	0	0	1	0	0	0	0					1692.000	826.000	108.000	108.000	stretch	stretch	yes
common/ui/weapons/screens/menuweaponscreen	11	Default/MetaCustomization_AbilityStatsView/Container/AbilityAttributes/Weapon Stats Main Container/Vertical Stack Container/FlowDirectionMasteryProgressBadgeContainer/CL_MasteryProgressBadge/CL_MasteryBadge/CL Icon Image Overlay/Main Container/IconTexture	RimeTextureElementData	IconTexture	common/ui/componentlibrary/components/labels/cl_icon		0.0	1.0	0.0	0.0	0.5	0.0	0.0	1.0	0.0	0.0	0.5	0.0	256.0	256.0	0	0	0	0	0	0	0					1692.000	826.000	108.000	108.000	stretch	stretch	yes
common/ui/weapons/screens/menuweaponscreen	11	Default/MetaCustomization_AbilityStatsView/Container/AbilityAttributes/Weapon Stats Main Container/Vertical Stack Container/FlowDirectionMasteryProgressBadgeContainer/CL_MasteryProgressBadge/CL_MasteryBadge/CL Icon Image Overlay/Main Container/IconSvg	RimeSvgElementData	IconSvg	common/ui/componentlibrary/components/labels/cl_icon		0.0	1.0	0.0	0.0	0.5	0.0	0.0	1.0	0.0	0.0	0.5	0.0	256.0	256.0	0	0	1	0	0	0	0					1692.000	826.000	108.000	108.000	stretch	stretch	yes
common/ui/weapons/screens/menuweaponscreen	9	Default/MetaCustomization_AbilityStatsView/Container/AbilityAttributes/Weapon Stats Main Container/Vertical Stack Container/FlowDirectionMasteryProgressBadgeContainer/CL_MasteryProgressBadge/CL_MasteryBadge/CL_Rank	ca959de9-1107-7900-4a87-49f1b9a90f90	CL_Rank	common/ui/componentlibrary/components/gridslists/cl_masterybadge	common/ui/componentlibrary/components/labels/cl_rank	0.5	0.5	0.0	0.0	0.5	1.0	1.0	1.0	-8.0	8.0	1.0	1.0	48.0	20.0	0	0	1	0	0	0	0					1722.000	980.000	48.000	20.000	authored	authored	yes
common/ui/weapons/screens/menuweaponscreen	10	Default/MetaCustomization_AbilityStatsView/Container/AbilityAttributes/Weapon Stats Main Container/Vertical Stack Container/FlowDirectionMasteryProgressBadgeContainer/CL_MasteryProgressBadge/CL_MasteryBadge/CL_Rank/CL_Rank_Visual	ca959de9-1107-7900-4a87-49f1b9a90f90	CL_Rank_Visual	common/ui/componentlibrary/components/labels/cl_rank	common/ui/componentlibrary/components/labels/cl_rank_visual	0.5	0.5	0.0	0.0	0.5	1.0	0.5	0.5	0.0	0.0	0.5	1.0	48.0	20.0	0	0	1	0	0	0	0					1722.000	980.000	48.000	20.000	authored	authored	yes
common/ui/weapons/screens/menuweaponscreen	11	Default/MetaCustomization_AbilityStatsView/Container/AbilityAttributes/Weapon Stats Main Container/Vertical Stack Container/FlowDirectionMasteryProgressBadgeContainer/CL_MasteryProgressBadge/CL_MasteryBadge/CL_Rank/CL_Rank_Visual/[Container] Label	RimeContainerElementData	[Container] Label	common/ui/componentlibrary/components/labels/cl_rank_visual		0.5	0.5	0.0	0.0	0.5	1.0	0.5	0.5	0.0	0.0	0.5	1.0	25.0	20.0	1	0	1	0	0	0	0					1618.000	980.000	256.000	20.000	content	authored	no
common/ui/weapons/screens/menuweaponscreen	12	Default/MetaCustomization_AbilityStatsView/Container/AbilityAttributes/Weapon Stats Main Container/Vertical Stack Container/FlowDirectionMasteryProgressBadgeContainer/CL_MasteryProgressBadge/CL_MasteryBadge/CL_Rank/CL_Rank_Visual/[Container] Label/[Fill] Background	RimeFillElementData	[Fill] Background	common/ui/componentlibrary/components/labels/cl_rank_visual		0.0	1.0	0.0	0.0	0.5	0.0	0.0	1.0	0.0	0.0	0.5	0.0	256.0	256.0	0	0	1	0	0	0	0					1618.000	980.000	256.000	20.000	stretch	stretch	yes
common/ui/weapons/screens/menuweaponscreen	12	Default/MetaCustomization_AbilityStatsView/Container/AbilityAttributes/Weapon Stats Main Container/Vertical Stack Container/FlowDirectionMasteryProgressBadgeContainer/CL_MasteryProgressBadge/CL_MasteryBadge/CL_Rank/CL_Rank_Visual/[Container] Label/Label	RimeLabelElementData	Label	common/ui/componentlibrary/components/labels/cl_rank_visual		0.5	0.5	0.0	0.0	0.5	1.0	0.5	0.5	0.0	0.0	0.5	1.0	256.0	256.0	1	1	1	4	0	4	0					1618.000	862.000	256.000	256.000	content	content	no
common/ui/weapons/screens/menuweaponscreen	12	Default/MetaCustomization_AbilityStatsView/Container/AbilityAttributes/Weapon Stats Main Container/Vertical Stack Container/FlowDirectionMasteryProgressBadgeContainer/CL_MasteryProgressBadge/CL_MasteryBadge/CL_Rank/CL_Rank_Visual/[Container] Label/CB_FocusBorderRound	RimeVectorShapeElementData	CB_FocusBorderRound	common/ui/componentlibrary/components/labels/cl_rank_visual		0.0	1.0	0.0	0.0	0.5	0.0	0.0	1.0	0.0	0.0	0.5	0.0	10050.0	20.0	0	0	1	0	0	0	0					1618.000	980.000	256.000	20.000	stretch	stretch	yes
common/ui/weapons/screens/menuweaponscreen	3	Default/MetaCustomization_AbilityStatsView/Container/PromptContainer	RimeStackContainerElementData	PromptContainer	common/ui/metacore/metacustomization/views/metacustomization_abilitystatsview		0.5	0.5	646.0	-646.0	0.5	1.0	1.0	1.0	-8.0	8.0	1.0	1.0	224.0	40.0	1	0	1	0	0	0	0	0	8.0	0	0	1478.000	1032.000	256.000	40.000	content	authored	no
common/ui/weapons/screens/menuweaponscreen	4	Default/MetaCustomization_AbilityStatsView/Container/PromptContainer/ExpandAttributes Button	ca959de9-1107-7900-4a87-49f1b9a90f90	ExpandAttributes Button	common/ui/metacore/metacustomization/views/metacustomization_abilitystatsview	common/ui/componentlibrary/components/buttons/cl_inputactionpromptbutton	0.0	1.0	0.0	0.0	0.5	0.0	0.5	0.5	0.0	0.0	0.5	1.0	256.0	256.0	1	1	1	0	0	0	0					1478.000	924.000	256.000	256.000	content	content	no
common/ui/weapons/screens/menuweaponscreen	5	Default/MetaCustomization_AbilityStatsView/Container/PromptContainer/ExpandAttributes Button/FlowDirectionDefaultContainer	RimeContainerElementData	FlowDirectionDefaultContainer	common/ui/componentlibrary/components/buttons/cl_inputactionpromptbutton		0.0	1.0	0.0	0.0	0.5	0.0	0.0	1.0	0.0	0.0	0.5	0.0	256.0	256.0	0	1	1	0	0	0	0					1478.000	1032.000	256.000	40.000	stretch	content	no
common/ui/weapons/screens/menuweaponscreen	6	Default/MetaCustomization_AbilityStatsView/Container/PromptContainer/ExpandAttributes Button/FlowDirectionDefaultContainer/RimeStackContainer	RimeStackContainerElementData	RimeStackContainer	common/ui/componentlibrary/components/buttons/cl_inputactionpromptbutton		0.5	0.5	0.0	0.0	0.5	1.0	0.5	0.5	0.0	0.0	0.5	1.0	256.0	40.0	1	0	1	12	0	12	0	0	8.0	0	0	1442.000	1032.000	328.000	40.000	content	authored	no
common/ui/weapons/screens/menuweaponscreen	7	Default/MetaCustomization_AbilityStatsView/Container/PromptContainer/ExpandAttributes Button/FlowDirectionDefaultContainer/RimeStackContainer/CL_InputActionIcon	ca959de9-1107-7900-4a87-49f1b9a90f90	CL_InputActionIcon	common/ui/componentlibrary/components/buttons/cl_inputactionpromptbutton	common/ui/componentlibrary/components/input/inputicon/cl_hud_singlekey_inputactionicon	0.0	0.0	0.0	0.0	0.0	1.0	0.5	0.5	0.0	0.0	0.5	1.0	40.0	40.0	1	0	1	0	0	0	0					1454.000	1032.000	40.000	40.000	content	authored	no
common/ui/weapons/screens/menuweaponscreen	8	Default/MetaCustomization_AbilityStatsView/Container/PromptContainer/ExpandAttributes Button/FlowDirectionDefaultContainer/RimeStackContainer/CL_InputActionIcon/IconContainer	RimeContainerElementData	IconContainer	common/ui/componentlibrary/components/input/inputicon/cl_hud_singlekey_inputactionicon		0.5	0.5	0.0	0.0	0.5	1.0	0.5	0.5	0.0	0.0	0.5	1.0	32.0	32.0	1	0	0	0	0	0	0					1464.000	1036.000	20.000	32.000	content	authored	no
common/ui/weapons/screens/menuweaponscreen	9	Default/MetaCustomization_AbilityStatsView/Container/PromptContainer/ExpandAttributes Button/FlowDirectionDefaultContainer/RimeStackContainer/CL_InputActionIcon/IconContainer/DoubleClickIcon	ca959de9-1107-7900-4a87-49f1b9a90f90	DoubleClickIcon	common/ui/componentlibrary/components/input/inputicon/cl_hud_singlekey_inputactionicon	common/ui/componentlibrary/shared/inputaction/inputactionicon/cb_hud_inputicondoubleclick	0.5	0.5	0.0	0.0	0.5	1.0	0.5	0.5	0.0	0.0	0.5	1.0	20.0	20.0	0	0	0	0	0	0	0					1464.000	1042.000	20.000	20.000	authored	authored	yes
common/ui/weapons/screens/menuweaponscreen	10	Default/MetaCustomization_AbilityStatsView/Container/PromptContainer/ExpandAttributes Button/FlowDirectionDefaultContainer/RimeStackContainer/CL_InputActionIcon/IconContainer/DoubleClickIcon/RimeStackContainer	RimeStackContainerElementData	RimeStackContainer	common/ui/componentlibrary/shared/inputaction/inputactionicon/cb_hud_inputicondoubleclick		0.5	0.5	0.0	0.0	0.5	1.0	0.5	0.5	0.0	0.0	0.5	1.0	256.0	20.0	1	0	1	0	0	0	0	0	6.0	0	0	1444.000	1042.000	60.000	20.000	content	authored	no
common/ui/weapons/screens/menuweaponscreen	11	Default/MetaCustomization_AbilityStatsView/Container/PromptContainer/ExpandAttributes Button/FlowDirectionDefaultContainer/RimeStackContainer/CL_InputActionIcon/IconContainer/DoubleClickIcon/RimeStackContainer/Left	ca959de9-1107-7900-4a87-49f1b9a90f90	Left	common/ui/componentlibrary/shared/inputaction/inputactionicon/cb_hud_inputicondoubleclick	common/ui/componentlibrary/shared/inputaction/inputactionicon/cb_hud_inputicon	0.0	0.0	0.0	0.0	0.0	1.0	0.5	0.5	0.0	0.0	0.5	1.0	20.0	20.0	0	0	1	0	0	0	0					1444.000	1042.000	20.000	20.000	authored	authored	yes
common/ui/weapons/screens/menuweaponscreen	12	Default/MetaCustomization_AbilityStatsView/Container/PromptContainer/ExpandAttributes Button/FlowDirectionDefaultContainer/RimeStackContainer/CL_InputActionIcon/IconContainer/DoubleClickIcon/RimeStackContainer/Left/Label w Minimum Width	RimeContainerElementData	Label w Minimum Width	common/ui/componentlibrary/shared/inputaction/inputactionicon/cb_hud_inputicon		0.5	0.5	0.0	0.0	0.5	1.0	0.5	0.5	0.0	0.0	0.5	1.0	22.0	20.0	1	0	0	0	0	0	0					1443.000	1042.000	22.000	20.000	content	authored	no
common/ui/weapons/screens/menuweaponscreen	13	Default/MetaCustomization_AbilityStatsView/Container/PromptContainer/ExpandAttributes Button/FlowDirectionDefaultContainer/RimeStackContainer/CL_InputActionIcon/IconContainer/DoubleClickIcon/RimeStackContainer/Left/Label w Minimum Width/BackgroundFill_Add	RimeVectorShapeElementData	BackgroundFill_Add	common/ui/componentlibrary/shared/inputaction/inputactionicon/cb_hud_inputicon		0.0	1.0	0.0	0.0	0.5	0.0	0.5	0.5	0.0	0.0	0.5	1.0	256.0	20.0	0	0	1	0	0	0	0					1443.000	1042.000	22.000	20.000	stretch	authored	yes
common/ui/weapons/screens/menuweaponscreen	13	Default/MetaCustomization_AbilityStatsView/Container/PromptContainer/ExpandAttributes Button/FlowDirectionDefaultContainer/RimeStackContainer/CL_InputActionIcon/IconContainer/DoubleClickIcon/RimeStackContainer/Left/Label w Minimum Width/BackgroundOutlined_Normal	RimeVectorShapeElementData	BackgroundOutlined_Normal	common/ui/componentlibrary/shared/inputaction/inputactionicon/cb_hud_inputicon		0.0	1.0	0.0	0.0	0.5	0.0	0.5	0.5	0.0	0.0	0.5	1.0	256.0	20.0	0	0	1	0	0	0	0					1443.000	1042.000	22.000	20.000	stretch	authored	yes
common/ui/weapons/screens/menuweaponscreen	13	Default/MetaCustomization_AbilityStatsView/Container/PromptContainer/ExpandAttributes Button/FlowDirectionDefaultContainer/RimeStackContainer/CL_InputActionIcon/IconContainer/DoubleClickIcon/RimeStackContainer/Left/Label w Minimum Width/Label w Horizontal Padding	RimeLabelElementData	Label w Horizontal Padding	common/ui/componentlibrary/shared/inputaction/inputactionicon/cb_hud_inputicon		0.5	0.5	0.0	0.0	0.5	1.0	0.5	0.5	0.0	0.0	0.5	1.0	22.0	16.0	1	1	1	4	0	4	0					1443.000	1044.000	22.000	16.000	content	content	no
common/ui/weapons/screens/menuweaponscreen	12	Default/MetaCustomization_AbilityStatsView/Container/PromptContainer/ExpandAttributes Button/FlowDirectionDefaultContainer/RimeStackContainer/CL_InputActionIcon/IconContainer/DoubleClickIcon/RimeStackContainer/Left/IconFill_Add	RimeSvgElementData	IconFill_Add	common/ui/componentlibrary/shared/inputaction/inputactionicon/cb_hud_inputicon		0.5	0.5	0.0	0.0	0.5	1.0	0.5	0.5	0.0	0.0	0.5	1.0	32.0	32.0	0	0	0	0	0	0	0					1438.000	1036.000	32.000	32.000	authored	authored	yes
common/ui/weapons/screens/menuweaponscreen	12	Default/MetaCustomization_AbilityStatsView/Container/PromptContainer/ExpandAttributes Button/FlowDirectionDefaultContainer/RimeStackContainer/CL_InputActionIcon/IconContainer/DoubleClickIcon/RimeStackContainer/Left/IconOutlined_Normal	RimeSvgElementData	IconOutlined_Normal	common/ui/componentlibrary/shared/inputaction/inputactionicon/cb_hud_inputicon		0.5	0.5	0.0	0.0	0.5	1.0	0.5	0.5	0.0	0.0	0.5	1.0	32.0	32.0	0	0	0	0	0	0	0					1438.000	1036.000	32.000	32.000	authored	authored	yes
common/ui/weapons/screens/menuweaponscreen	11	Default/MetaCustomization_AbilityStatsView/Container/PromptContainer/ExpandAttributes Button/FlowDirectionDefaultContainer/RimeStackContainer/CL_InputActionIcon/IconContainer/DoubleClickIcon/RimeStackContainer/CB_InputIcon_PlusShape	ca959de9-1107-7900-4a87-49f1b9a90f90	CB_InputIcon_PlusShape	common/ui/componentlibrary/shared/inputaction/inputactionicon/cb_hud_inputicondoubleclick	common/ui/componentlibrary/components/icons/cl_hud_vectorshape	0.0	0.0	0.0	0.0	0.0	1.0	0.5	0.5	0.0	0.0	0.5	1.0	8.0	8.0	0	0	1	0	0	0	0					1470.000	1048.000	8.000	8.000	authored	authored	yes
common/ui/weapons/screens/menuweaponscreen	12	Default/MetaCustomization_AbilityStatsView/Container/PromptContainer/ExpandAttributes Button/FlowDirectionDefaultContainer/RimeStackContainer/CL_InputActionIcon/IconContainer/DoubleClickIcon/RimeStackContainer/CB_InputIcon_PlusShape/VectorShape_Normal	RimeVectorShapeElementData	VectorShape_Normal	common/ui/componentlibrary/components/icons/cl_hud_vectorshape		0.5	0.5	0.0	0.0	0.5	1.0	0.5	0.5	0.0	0.0	0.5	1.0	32.0	32.0	0	0	1	0	0	0	0					1458.000	1036.000	32.000	32.000	authored	authored	yes
common/ui/weapons/screens/menuweaponscreen	12	Default/MetaCustomization_AbilityStatsView/Container/PromptContainer/ExpandAttributes Button/FlowDirectionDefaultContainer/RimeStackContainer/CL_InputActionIcon/IconContainer/DoubleClickIcon/RimeStackContainer/CB_InputIcon_PlusShape/VectorShape_Add	RimeVectorShapeElementData	VectorShape_Add	common/ui/componentlibrary/components/icons/cl_hud_vectorshape		0.5	0.5	0.0	0.0	0.5	1.0	0.5	0.5	0.0	0.0	0.5	1.0	32.0	32.0	0	0	1	0	0	0	0					1458.000	1036.000	32.000	32.000	authored	authored	yes
common/ui/weapons/screens/menuweaponscreen	11	Default/MetaCustomization_AbilityStatsView/Container/PromptContainer/ExpandAttributes Button/FlowDirectionDefaultContainer/RimeStackContainer/CL_InputActionIcon/IconContainer/DoubleClickIcon/RimeStackContainer/Right	ca959de9-1107-7900-4a87-49f1b9a90f90	Right	common/ui/componentlibrary/shared/inputaction/inputactionicon/cb_hud_inputicondoubleclick	common/ui/componentlibrary/shared/inputaction/inputactionicon/cb_hud_inputicon	0.0	0.0	0.0	0.0	0.0	1.0	0.5	0.5	0.0	0.0	0.5	1.0	20.0	20.0	0	0	1	0	0	0	0					1484.000	1042.000	20.000	20.000	authored	authored	yes
common/ui/weapons/screens/menuweaponscreen	12	Default/MetaCustomization_AbilityStatsView/Container/PromptContainer/ExpandAttributes Button/FlowDirectionDefaultContainer/RimeStackContainer/CL_InputActionIcon/IconContainer/DoubleClickIcon/RimeStackContainer/Right/Label w Minimum Width	RimeContainerElementData	Label w Minimum Width	common/ui/componentlibrary/shared/inputaction/inputactionicon/cb_hud_inputicon		0.5	0.5	0.0	0.0	0.5	1.0	0.5	0.5	0.0	0.0	0.5	1.0	22.0	20.0	1	0	0	0	0	0	0					1483.000	1042.000	22.000	20.000	content	authored	no
common/ui/weapons/screens/menuweaponscreen	13	Default/MetaCustomization_AbilityStatsView/Container/PromptContainer/ExpandAttributes Button/FlowDirectionDefaultContainer/RimeStackContainer/CL_InputActionIcon/IconContainer/DoubleClickIcon/RimeStackContainer/Right/Label w Minimum Width/BackgroundFill_Add	RimeVectorShapeElementData	BackgroundFill_Add	common/ui/componentlibrary/shared/inputaction/inputactionicon/cb_hud_inputicon		0.0	1.0	0.0	0.0	0.5	0.0	0.5	0.5	0.0	0.0	0.5	1.0	256.0	20.0	0	0	1	0	0	0	0					1483.000	1042.000	22.000	20.000	stretch	authored	yes
common/ui/weapons/screens/menuweaponscreen	13	Default/MetaCustomization_AbilityStatsView/Container/PromptContainer/ExpandAttributes Button/FlowDirectionDefaultContainer/RimeStackContainer/CL_InputActionIcon/IconContainer/DoubleClickIcon/RimeStackContainer/Right/Label w Minimum Width/BackgroundOutlined_Normal	RimeVectorShapeElementData	BackgroundOutlined_Normal	common/ui/componentlibrary/shared/inputaction/inputactionicon/cb_hud_inputicon		0.0	1.0	0.0	0.0	0.5	0.0	0.5	0.5	0.0	0.0	0.5	1.0	256.0	20.0	0	0	1	0	0	0	0					1483.000	1042.000	22.000	20.000	stretch	authored	yes
common/ui/weapons/screens/menuweaponscreen	13	Default/MetaCustomization_AbilityStatsView/Container/PromptContainer/ExpandAttributes Button/FlowDirectionDefaultContainer/RimeStackContainer/CL_InputActionIcon/IconContainer/DoubleClickIcon/RimeStackContainer/Right/Label w Minimum Width/Label w Horizontal Padding	RimeLabelElementData	Label w Horizontal Padding	common/ui/componentlibrary/shared/inputaction/inputactionicon/cb_hud_inputicon		0.5	0.5	0.0	0.0	0.5	1.0	0.5	0.5	0.0	0.0	0.5	1.0	22.0	16.0	1	1	1	4	0	4	0					1483.000	1044.000	22.000	16.000	content	content	no
common/ui/weapons/screens/menuweaponscreen	12	Default/MetaCustomization_AbilityStatsView/Container/PromptContainer/ExpandAttributes Button/FlowDirectionDefaultContainer/RimeStackContainer/CL_InputActionIcon/IconContainer/DoubleClickIcon/RimeStackContainer/Right/IconFill_Add	RimeSvgElementData	IconFill_Add	common/ui/componentlibrary/shared/inputaction/inputactionicon/cb_hud_inputicon		0.5	0.5	0.0	0.0	0.5	1.0	0.5	0.5	0.0	0.0	0.5	1.0	32.0	32.0	0	0	0	0	0	0	0					1478.000	1036.000	32.000	32.000	authored	authored	yes
common/ui/weapons/screens/menuweaponscreen	12	Default/MetaCustomization_AbilityStatsView/Container/PromptContainer/ExpandAttributes Button/FlowDirectionDefaultContainer/RimeStackContainer/CL_InputActionIcon/IconContainer/DoubleClickIcon/RimeStackContainer/Right/IconOutlined_Normal	RimeSvgElementData	IconOutlined_Normal	common/ui/componentlibrary/shared/inputaction/inputactionicon/cb_hud_inputicon		0.5	0.5	0.0	0.0	0.5	1.0	0.5	0.5	0.0	0.0	0.5	1.0	32.0	32.0	0	0	0	0	0	0	0					1478.000	1036.000	32.000	32.000	authored	authored	yes
common/ui/weapons/screens/menuweaponscreen	9	Default/MetaCustomization_AbilityStatsView/Container/PromptContainer/ExpandAttributes Button/FlowDirectionDefaultContainer/RimeStackContainer/CL_InputActionIcon/IconContainer/ComboIcon	ca959de9-1107-7900-4a87-49f1b9a90f90	ComboIcon	common/ui/componentlibrary/components/input/inputicon/cl_hud_singlekey_inputactionicon	common/ui/componentlibrary/shared/inputaction/inputactionicon/cb_hud_inputiconcombo	0.5	0.5	0.0	0.0	0.5	1.0	0.5	0.5	0.0	0.0	0.5	1.0	20.0	20.0	0	0	0	0	0	0	0					1464.000	1042.000	20.000	20.000	authored	authored	yes
common/ui/weapons/screens/menuweaponscreen	10	Default/MetaCustomization_AbilityStatsView/Container/PromptContainer/ExpandAttributes Button/FlowDirectionDefaultContainer/RimeStackContainer/CL_InputActionIcon/IconContainer/ComboIcon/RimeStackContainer	RimeStackContainerElementData	RimeStackContainer	common/ui/componentlibrary/shared/inputaction/inputactionicon/cb_hud_inputiconcombo		0.5	0.5	0.0	0.0	0.5	1.0	0.5	0.5	0.0	0.0	0.5	1.0	256.0	20.0	1	0	1	0	0	0	0	0	6.0	0	0	1444.000	1042.000	60.000	20.000	content	authored	no
common/ui/weapons/screens/menuweaponscreen	11	Default/MetaCustomization_AbilityStatsView/Container/PromptContainer/ExpandAttributes Button/FlowDirectionDefaultContainer/RimeStackContainer/CL_InputActionIcon/IconContainer/ComboIcon/RimeStackContainer/PrimaryIcon	ca959de9-1107-7900-4a87-49f1b9a90f90	PrimaryIcon	common/ui/componentlibrary/shared/inputaction/inputactionicon/cb_hud_inputiconcombo	common/ui/componentlibrary/shared/inputaction/inputactionicon/cb_hud_inputicon	0.0	0.0	0.0	0.0	0.0	1.0	0.5	0.5	0.0	0.0	0.5	1.0	20.0	20.0	0	0	1	0	0	0	0					1444.000	1042.000	20.000	20.000	authored	authored	yes
common/ui/weapons/screens/menuweaponscreen	12	Default/MetaCustomization_AbilityStatsView/Container/PromptContainer/ExpandAttributes Button/FlowDirectionDefaultContainer/RimeStackContainer/CL_InputActionIcon/IconContainer/ComboIcon/RimeStackContainer/PrimaryIcon/Label w Minimum Width	RimeContainerElementData	Label w Minimum Width	common/ui/componentlibrary/shared/inputaction/inputactionicon/cb_hud_inputicon		0.5	0.5	0.0	0.0	0.5	1.0	0.5	0.5	0.0	0.0	0.5	1.0	22.0	20.0	1	0	0	0	0	0	0					1443.000	1042.000	22.000	20.000	content	authored	no
common/ui/weapons/screens/menuweaponscreen	13	Default/MetaCustomization_AbilityStatsView/Container/PromptContainer/ExpandAttributes Button/FlowDirectionDefaultContainer/RimeStackContainer/CL_InputActionIcon/IconContainer/ComboIcon/RimeStackContainer/PrimaryIcon/Label w Minimum Width/BackgroundFill_Add	RimeVectorShapeElementData	BackgroundFill_Add	common/ui/componentlibrary/shared/inputaction/inputactionicon/cb_hud_inputicon		0.0	1.0	0.0	0.0	0.5	0.0	0.5	0.5	0.0	0.0	0.5	1.0	256.0	20.0	0	0	1	0	0	0	0					1443.000	1042.000	22.000	20.000	stretch	authored	yes
common/ui/weapons/screens/menuweaponscreen	13	Default/MetaCustomization_AbilityStatsView/Container/PromptContainer/ExpandAttributes Button/FlowDirectionDefaultContainer/RimeStackContainer/CL_InputActionIcon/IconContainer/ComboIcon/RimeStackContainer/PrimaryIcon/Label w Minimum Width/BackgroundOutlined_Normal	RimeVectorShapeElementData	BackgroundOutlined_Normal	common/ui/componentlibrary/shared/inputaction/inputactionicon/cb_hud_inputicon		0.0	1.0	0.0	0.0	0.5	0.0	0.5	0.5	0.0	0.0	0.5	1.0	256.0	20.0	0	0	1	0	0	0	0					1443.000	1042.000	22.000	20.000	stretch	authored	yes
common/ui/weapons/screens/menuweaponscreen	13	Default/MetaCustomization_AbilityStatsView/Container/PromptContainer/ExpandAttributes Button/FlowDirectionDefaultContainer/RimeStackContainer/CL_InputActionIcon/IconContainer/ComboIcon/RimeStackContainer/PrimaryIcon/Label w Minimum Width/Label w Horizontal Padding	RimeLabelElementData	Label w Horizontal Padding	common/ui/componentlibrary/shared/inputaction/inputactionicon/cb_hud_inputicon		0.5	0.5	0.0	0.0	0.5	1.0	0.5	0.5	0.0	0.0	0.5	1.0	22.0	16.0	1	1	1	4	0	4	0					1443.000	1044.000	22.000	16.000	content	content	no
common/ui/weapons/screens/menuweaponscreen	12	Default/MetaCustomization_AbilityStatsView/Container/PromptContainer/ExpandAttributes Button/FlowDirectionDefaultContainer/RimeStackContainer/CL_InputActionIcon/IconContainer/ComboIcon/RimeStackContainer/PrimaryIcon/IconFill_Add	RimeSvgElementData	IconFill_Add	common/ui/componentlibrary/shared/inputaction/inputactionicon/cb_hud_inputicon		0.5	0.5	0.0	0.0	0.5	1.0	0.5	0.5	0.0	0.0	0.5	1.0	32.0	32.0	0	0	0	0	0	0	0					1438.000	1036.000	32.000	32.000	authored	authored	yes
common/ui/weapons/screens/menuweaponscreen	12	Default/MetaCustomization_AbilityStatsView/Container/PromptContainer/ExpandAttributes Button/FlowDirectionDefaultContainer/RimeStackContainer/CL_InputActionIcon/IconContainer/ComboIcon/RimeStackContainer/PrimaryIcon/IconOutlined_Normal	RimeSvgElementData	IconOutlined_Normal	common/ui/componentlibrary/shared/inputaction/inputactionicon/cb_hud_inputicon		0.5	0.5	0.0	0.0	0.5	1.0	0.5	0.5	0.0	0.0	0.5	1.0	32.0	32.0	0	0	0	0	0	0	0					1438.000	1036.000	32.000	32.000	authored	authored	yes
common/ui/weapons/screens/menuweaponscreen	11	Default/MetaCustomization_AbilityStatsView/Container/PromptContainer/ExpandAttributes Button/FlowDirectionDefaultContainer/RimeStackContainer/CL_InputActionIcon/IconContainer/ComboIcon/RimeStackContainer/CB_InputIcon_PlusShape	ca959de9-1107-7900-4a87-49f1b9a90f90	CB_InputIcon_PlusShape	common/ui/componentlibrary/shared/inputaction/inputactionicon/cb_hud_inputiconcombo	common/ui/componentlibrary/components/icons/cl_hud_vectorshape	0.0	0.0	0.0	0.0	0.0	1.0	0.5	0.5	0.0	0.0	0.5	1.0	8.0	8.0	0	0	1	0	0	0	0					1470.000	1048.000	8.000	8.000	authored	authored	yes
common/ui/weapons/screens/menuweaponscreen	12	Default/MetaCustomization_AbilityStatsView/Container/PromptContainer/ExpandAttributes Button/FlowDirectionDefaultContainer/RimeStackContainer/CL_InputActionIcon/IconContainer/ComboIcon/RimeStackContainer/CB_InputIcon_PlusShape/VectorShape_Normal	RimeVectorShapeElementData	VectorShape_Normal	common/ui/componentlibrary/components/icons/cl_hud_vectorshape		0.5	0.5	0.0	0.0	0.5	1.0	0.5	0.5	0.0	0.0	0.5	1.0	32.0	32.0	0	0	1	0	0	0	0					1458.000	1036.000	32.000	32.000	authored	authored	yes
common/ui/weapons/screens/menuweaponscreen	12	Default/MetaCustomization_AbilityStatsView/Container/PromptContainer/ExpandAttributes Button/FlowDirectionDefaultContainer/RimeStackContainer/CL_InputActionIcon/IconContainer/ComboIcon/RimeStackContainer/CB_InputIcon_PlusShape/VectorShape_Add	RimeVectorShapeElementData	VectorShape_Add	common/ui/componentlibrary/components/icons/cl_hud_vectorshape		0.5	0.5	0.0	0.0	0.5	1.0	0.5	0.5	0.0	0.0	0.5	1.0	32.0	32.0	0	0	1	0	0	0	0					1458.000	1036.000	32.000	32.000	authored	authored	yes
common/ui/weapons/screens/menuweaponscreen	11	Default/MetaCustomization_AbilityStatsView/Container/PromptContainer/ExpandAttributes Button/FlowDirectionDefaultContainer/RimeStackContainer/CL_InputActionIcon/IconContainer/ComboIcon/RimeStackContainer/SecondaryIcon	ca959de9-1107-7900-4a87-49f1b9a90f90	SecondaryIcon	common/ui/componentlibrary/shared/inputaction/inputactionicon/cb_hud_inputiconcombo	common/ui/componentlibrary/shared/inputaction/inputactionicon/cb_hud_inputicon	0.0	0.0	0.0	0.0	0.0	1.0	0.5	0.5	0.0	0.0	0.5	1.0	20.0	20.0	0	0	1	0	0	0	0					1484.000	1042.000	20.000	20.000	authored	authored	yes
common/ui/weapons/screens/menuweaponscreen	12	Default/MetaCustomization_AbilityStatsView/Container/PromptContainer/ExpandAttributes Button/FlowDirectionDefaultContainer/RimeStackContainer/CL_InputActionIcon/IconContainer/ComboIcon/RimeStackContainer/SecondaryIcon/Label w Minimum Width	RimeContainerElementData	Label w Minimum Width	common/ui/componentlibrary/shared/inputaction/inputactionicon/cb_hud_inputicon		0.5	0.5	0.0	0.0	0.5	1.0	0.5	0.5	0.0	0.0	0.5	1.0	22.0	20.0	1	0	0	0	0	0	0					1483.000	1042.000	22.000	20.000	content	authored	no
common/ui/weapons/screens/menuweaponscreen	13	Default/MetaCustomization_AbilityStatsView/Container/PromptContainer/ExpandAttributes Button/FlowDirectionDefaultContainer/RimeStackContainer/CL_InputActionIcon/IconContainer/ComboIcon/RimeStackContainer/SecondaryIcon/Label w Minimum Width/BackgroundFill_Add	RimeVectorShapeElementData	BackgroundFill_Add	common/ui/componentlibrary/shared/inputaction/inputactionicon/cb_hud_inputicon		0.0	1.0	0.0	0.0	0.5	0.0	0.5	0.5	0.0	0.0	0.5	1.0	256.0	20.0	0	0	1	0	0	0	0					1483.000	1042.000	22.000	20.000	stretch	authored	yes
common/ui/weapons/screens/menuweaponscreen	13	Default/MetaCustomization_AbilityStatsView/Container/PromptContainer/ExpandAttributes Button/FlowDirectionDefaultContainer/RimeStackContainer/CL_InputActionIcon/IconContainer/ComboIcon/RimeStackContainer/SecondaryIcon/Label w Minimum Width/BackgroundOutlined_Normal	RimeVectorShapeElementData	BackgroundOutlined_Normal	common/ui/componentlibrary/shared/inputaction/inputactionicon/cb_hud_inputicon		0.0	1.0	0.0	0.0	0.5	0.0	0.5	0.5	0.0	0.0	0.5	1.0	256.0	20.0	0	0	1	0	0	0	0					1483.000	1042.000	22.000	20.000	stretch	authored	yes
common/ui/weapons/screens/menuweaponscreen	13	Default/MetaCustomization_AbilityStatsView/Container/PromptContainer/ExpandAttributes Button/FlowDirectionDefaultContainer/RimeStackContainer/CL_InputActionIcon/IconContainer/ComboIcon/RimeStackContainer/SecondaryIcon/Label w Minimum Width/Label w Horizontal Padding	RimeLabelElementData	Label w Horizontal Padding	common/ui/componentlibrary/shared/inputaction/inputactionicon/cb_hud_inputicon		0.5	0.5	0.0	0.0	0.5	1.0	0.5	0.5	0.0	0.0	0.5	1.0	22.0	16.0	1	1	1	4	0	4	0					1483.000	1044.000	22.000	16.000	content	content	no
common/ui/weapons/screens/menuweaponscreen	12	Default/MetaCustomization_AbilityStatsView/Container/PromptContainer/ExpandAttributes Button/FlowDirectionDefaultContainer/RimeStackContainer/CL_InputActionIcon/IconContainer/ComboIcon/RimeStackContainer/SecondaryIcon/IconFill_Add	RimeSvgElementData	IconFill_Add	common/ui/componentlibrary/shared/inputaction/inputactionicon/cb_hud_inputicon		0.5	0.5	0.0	0.0	0.5	1.0	0.5	0.5	0.0	0.0	0.5	1.0	32.0	32.0	0	0	0	0	0	0	0					1478.000	1036.000	32.000	32.000	authored	authored	yes
common/ui/weapons/screens/menuweaponscreen	12	Default/MetaCustomization_AbilityStatsView/Container/PromptContainer/ExpandAttributes Button/FlowDirectionDefaultContainer/RimeStackContainer/CL_InputActionIcon/IconContainer/ComboIcon/RimeStackContainer/SecondaryIcon/IconOutlined_Normal	RimeSvgElementData	IconOutlined_Normal	common/ui/componentlibrary/shared/inputaction/inputactionicon/cb_hud_inputicon		0.5	0.5	0.0	0.0	0.5	1.0	0.5	0.5	0.0	0.0	0.5	1.0	32.0	32.0	0	0	0	0	0	0	0					1478.000	1036.000	32.000	32.000	authored	authored	yes
common/ui/weapons/screens/menuweaponscreen	9	Default/MetaCustomization_AbilityStatsView/Container/PromptContainer/ExpandAttributes Button/FlowDirectionDefaultContainer/RimeStackContainer/CL_InputActionIcon/IconContainer/SingleIcon	ca959de9-1107-7900-4a87-49f1b9a90f90	SingleIcon	common/ui/componentlibrary/components/input/inputicon/cl_hud_singlekey_inputactionicon	common/ui/componentlibrary/shared/inputaction/inputactionicon/cb_hud_inputicon	0.5	0.5	0.0	0.0	0.5	1.0	0.5	0.5	0.0	0.0	0.5	1.0	20.0	20.0	0	0	0	0	0	0	0					1464.000	1042.000	20.000	20.000	authored	authored	yes
common/ui/weapons/screens/menuweaponscreen	10	Default/MetaCustomization_AbilityStatsView/Container/PromptContainer/ExpandAttributes Button/FlowDirectionDefaultContainer/RimeStackContainer/CL_InputActionIcon/IconContainer/SingleIcon/Label w Minimum Width	RimeContainerElementData	Label w Minimum Width	common/ui/componentlibrary/shared/inputaction/inputactionicon/cb_hud_inputicon		0.5	0.5	0.0	0.0	0.5	1.0	0.5	0.5	0.0	0.0	0.5	1.0	22.0	20.0	1	0	0	0	0	0	0					1463.000	1042.000	22.000	20.000	content	authored	no
common/ui/weapons/screens/menuweaponscreen	11	Default/MetaCustomization_AbilityStatsView/Container/PromptContainer/ExpandAttributes Button/FlowDirectionDefaultContainer/RimeStackContainer/CL_InputActionIcon/IconContainer/SingleIcon/Label w Minimum Width/BackgroundFill_Add	RimeVectorShapeElementData	BackgroundFill_Add	common/ui/componentlibrary/shared/inputaction/inputactionicon/cb_hud_inputicon		0.0	1.0	0.0	0.0	0.5	0.0	0.5	0.5	0.0	0.0	0.5	1.0	256.0	20.0	0	0	1	0	0	0	0					1463.000	1042.000	22.000	20.000	stretch	authored	yes
common/ui/weapons/screens/menuweaponscreen	11	Default/MetaCustomization_AbilityStatsView/Container/PromptContainer/ExpandAttributes Button/FlowDirectionDefaultContainer/RimeStackContainer/CL_InputActionIcon/IconContainer/SingleIcon/Label w Minimum Width/BackgroundOutlined_Normal	RimeVectorShapeElementData	BackgroundOutlined_Normal	common/ui/componentlibrary/shared/inputaction/inputactionicon/cb_hud_inputicon		0.0	1.0	0.0	0.0	0.5	0.0	0.5	0.5	0.0	0.0	0.5	1.0	256.0	20.0	0	0	1	0	0	0	0					1463.000	1042.000	22.000	20.000	stretch	authored	yes
common/ui/weapons/screens/menuweaponscreen	11	Default/MetaCustomization_AbilityStatsView/Container/PromptContainer/ExpandAttributes Button/FlowDirectionDefaultContainer/RimeStackContainer/CL_InputActionIcon/IconContainer/SingleIcon/Label w Minimum Width/Label w Horizontal Padding	RimeLabelElementData	Label w Horizontal Padding	common/ui/componentlibrary/shared/inputaction/inputactionicon/cb_hud_inputicon		0.5	0.5	0.0	0.0	0.5	1.0	0.5	0.5	0.0	0.0	0.5	1.0	22.0	16.0	1	1	1	4	0	4	0					1463.000	1044.000	22.000	16.000	content	content	no
common/ui/weapons/screens/menuweaponscreen	10	Default/MetaCustomization_AbilityStatsView/Container/PromptContainer/ExpandAttributes Button/FlowDirectionDefaultContainer/RimeStackContainer/CL_InputActionIcon/IconContainer/SingleIcon/IconFill_Add	RimeSvgElementData	IconFill_Add	common/ui/componentlibrary/shared/inputaction/inputactionicon/cb_hud_inputicon		0.5	0.5	0.0	0.0	0.5	1.0	0.5	0.5	0.0	0.0	0.5	1.0	32.0	32.0	0	0	0	0	0	0	0					1458.000	1036.000	32.000	32.000	authored	authored	yes
common/ui/weapons/screens/menuweaponscreen	10	Default/MetaCustomization_AbilityStatsView/Container/PromptContainer/ExpandAttributes Button/FlowDirectionDefaultContainer/RimeStackContainer/CL_InputActionIcon/IconContainer/SingleIcon/IconOutlined_Normal	RimeSvgElementData	IconOutlined_Normal	common/ui/componentlibrary/shared/inputaction/inputactionicon/cb_hud_inputicon		0.5	0.5	0.0	0.0	0.5	1.0	0.5	0.5	0.0	0.0	0.5	1.0	32.0	32.0	0	0	0	0	0	0	0					1458.000	1036.000	32.000	32.000	authored	authored	yes
common/ui/weapons/screens/menuweaponscreen	9	Default/MetaCustomization_AbilityStatsView/Container/PromptContainer/ExpandAttributes Button/FlowDirectionDefaultContainer/RimeStackContainer/CL_InputActionIcon/IconContainer/ProgressContainer	RimeContainerElementData	ProgressContainer	common/ui/componentlibrary/components/input/inputicon/cl_hud_singlekey_inputactionicon		0.0	1.0	0.0	0.0	0.5	0.0	0.5	0.5	0.0	0.0	0.5	1.0	256.0	32.0	0	0	1	0	0	0	0					1464.000	1036.000	20.000	32.000	stretch	authored	yes
common/ui/weapons/screens/menuweaponscreen	10	Default/MetaCustomization_AbilityStatsView/Container/PromptContainer/ExpandAttributes Button/FlowDirectionDefaultContainer/RimeStackContainer/CL_InputActionIcon/IconContainer/ProgressContainer/RectangleProgressBarBG	RimeLineElementData	RectangleProgressBarBG	common/ui/componentlibrary/components/input/inputicon/cl_hud_singlekey_inputactionicon		0.0	1.0	0.0	0.0	0.5	0.0	0.5	0.5	0.0	0.0	0.5	1.0	256.0	30.0	0	0	0	-4	0	-4	0					1464.000	1037.000	20.000	30.000	stretch	authored	yes
common/ui/weapons/screens/menuweaponscreen	10	Default/MetaCustomization_AbilityStatsView/Container/PromptContainer/ExpandAttributes Button/FlowDirectionDefaultContainer/RimeStackContainer/CL_InputActionIcon/IconContainer/ProgressContainer/RectangleProgressBar	RimeLineElementData	RectangleProgressBar	common/ui/componentlibrary/components/input/inputicon/cl_hud_singlekey_inputactionicon		0.0	1.0	0.0	0.0	0.5	0.0	0.5	0.5	0.0	0.0	0.5	1.0	256.0	30.0	0	0	0	-4	0	-4	0					1464.000	1037.000	20.000	30.000	stretch	authored	yes
common/ui/weapons/screens/menuweaponscreen	10	Default/MetaCustomization_AbilityStatsView/Container/PromptContainer/ExpandAttributes Button/FlowDirectionDefaultContainer/RimeStackContainer/CL_InputActionIcon/IconContainer/ProgressContainer/RoundProgressBarBG	RimeArcProgressBarElementData	RoundProgressBarBG	common/ui/componentlibrary/components/input/inputicon/cl_hud_singlekey_inputactionicon		0.5	0.5	0.0	0.0	0.5	1.0	0.5	0.5	0.0	0.0	0.5	1.0	32.0	32.0	0	0	0	0	0	0	0					1458.000	1036.000	32.000	32.000	authored	authored	yes
common/ui/weapons/screens/menuweaponscreen	10	Default/MetaCustomization_AbilityStatsView/Container/PromptContainer/ExpandAttributes Button/FlowDirectionDefaultContainer/RimeStackContainer/CL_InputActionIcon/IconContainer/ProgressContainer/RoundProgressBar	RimeArcProgressBarElementData	RoundProgressBar	common/ui/componentlibrary/components/input/inputicon/cl_hud_singlekey_inputactionicon		0.5	0.5	0.0	0.0	0.5	1.0	0.5	0.5	0.0	0.0	0.5	1.0	32.0	32.0	0	0	0	0	0	0	0					1458.000	1036.000	32.000	32.000	authored	authored	yes
common/ui/weapons/screens/menuweaponscreen	7	Default/MetaCustomization_AbilityStatsView/Container/PromptContainer/ExpandAttributes Button/FlowDirectionDefaultContainer/RimeStackContainer/Prompt Label	RimeLabelElementData	Prompt Label	common/ui/componentlibrary/components/buttons/cl_inputactionpromptbutton		0.5	0.5	0.0	0.0	0.5	1.0	0.5	0.5	0.0	0.0	0.5	1.0	256.0	40.0	1	0	1	0	0	0	0					1502.000	1032.000	256.000	40.000	content	authored	no
common/ui/weapons/screens/menuweaponscreen	6	Default/MetaCustomization_AbilityStatsView/Container/PromptContainer/ExpandAttributes Button/FlowDirectionDefaultContainer/CB_Interactable	ca959de9-1107-7900-4a87-49f1b9a90f90	CB_Interactable	common/ui/componentlibrary/components/buttons/cl_inputactionpromptbutton	common/ui/componentlibrary/shared/interaction/cb_interactable_advanced	0.0	1.0	0.0	0.0	0.5	0.0	0.5	0.5	0.0	0.0	0.5	1.0	256.0	40.0	0	0	1	0	0	0	0					1478.000	1032.000	256.000	40.000	stretch	authored	yes
common/ui/weapons/screens/menuweaponscreen	7	Default/MetaCustomization_AbilityStatsView/Container/PromptContainer/ExpandAttributes Button/FlowDirectionDefaultContainer/CB_Interactable/PrimaryButtonBehavior	295b0545-d165-e962-3ebe-e871ce63aa88	PrimaryButtonBehavior	common/ui/componentlibrary/shared/interaction/cb_interactable_advanced		0.0	1.0	0.0	0.0	0.5	0.0	0.0	1.0	0.0	0.0	0.5	0.0	256.0	256.0	0	0	1	0	0	0	0					1478.000	1032.000	256.000	40.000	stretch	stretch	yes
common/ui/weapons/screens/menuweaponscreen	7	Default/MetaCustomization_AbilityStatsView/Container/PromptContainer/ExpandAttributes Button/FlowDirectionDefaultContainer/CB_Interactable/SecondaryButtonBehavior	295b0545-d165-e962-3ebe-e871ce63aa88	SecondaryButtonBehavior	common/ui/componentlibrary/shared/interaction/cb_interactable_advanced		0.0	1.0	0.0	0.0	0.5	0.0	0.0	1.0	0.0	0.0	0.5	0.0	256.0	256.0	0	0	1	0	0	0	0					1478.000	1032.000	256.000	40.000	stretch	stretch	yes
common/ui/weapons/screens/menuweaponscreen	7	Default/MetaCustomization_AbilityStatsView/Container/PromptContainer/ExpandAttributes Button/FlowDirectionDefaultContainer/CB_Interactable/TertiaryButtonBehavior	295b0545-d165-e962-3ebe-e871ce63aa88	TertiaryButtonBehavior	common/ui/componentlibrary/shared/interaction/cb_interactable_advanced		0.0	1.0	0.0	0.0	0.5	0.0	0.0	1.0	0.0	0.0	0.5	0.0	256.0	256.0	0	0	1	0	0	0	0					1478.000	1032.000	256.000	40.000	stretch	stretch	yes
common/ui/weapons/screens/menuweaponscreen	6	Default/MetaCustomization_AbilityStatsView/Container/PromptContainer/ExpandAttributes Button/FlowDirectionDefaultContainer/CB_HoverVisual	ca959de9-1107-7900-4a87-49f1b9a90f90	CB_HoverVisual	common/ui/componentlibrary/components/buttons/cl_inputactionpromptbutton	common/ui/componentlibrary/components/indicators/cb_hovervisual	0.0	1.0	0.0	0.0	0.5	0.0	0.5	0.5	0.0	0.0	0.5	1.0	128.0	40.0	0	0	1	0	0	0	0					1478.000	1032.000	256.000	40.000	stretch	authored	yes
common/ui/weapons/screens/menuweaponscreen	7	Default/MetaCustomization_AbilityStatsView/Container/PromptContainer/ExpandAttributes Button/FlowDirectionDefaultContainer/CB_HoverVisual/[RimeFill] Overlay	RimeFillElementData	[RimeFill] Overlay	common/ui/componentlibrary/components/indicators/cb_hovervisual		0.0	1.0	0.0	0.0	0.5	0.0	0.0	1.0	0.0	0.0	0.5	0.0	256.0	256.0	0	0	1	0	0	0	0					1478.000	1032.000	256.000	40.000	stretch	stretch	yes
common/ui/weapons/screens/menuweaponscreen	1	Default/MetaCustomization_InfoView	ca959de9-1107-7900-4a87-49f1b9a90f90	MetaCustomization_InfoView	common/ui/weapons/screens/menuweaponscreen	common/ui/metacore/metacustomization/views/metacustomization_infoview	0.0	1.0	0.0	0.0	0.5	0.0	1.0	1.0	-20.0	20.0	1.0	1.0	1920.0	1080.0	0	0	1	0	0	0	0					0.000	-20.000	1920.000	1080.000	stretch	authored	yes
common/ui/weapons/screens/menuweaponscreen	1	Default/ScreenContainer	RimeContainerElementData	ScreenContainer	common/ui/weapons/screens/menuweaponscreen		0.5	0.5	0.0	0.0	0.5	1.0	1.0	1.0	0.0	0.0	1.0	1.0	1920.0	1080.0	0	0	1	0	0	0	0					0.000	0.000	1920.000	1080.000	authored	authored	yes
common/ui/weapons/screens/menuweaponscreen	2	Default/ScreenContainer/MetaCustomization_GridView	ca959de9-1107-7900-4a87-49f1b9a90f90	MetaCustomization_GridView	common/ui/weapons/screens/menuweaponscreen	common/ui/metacore/metacustomization/views/metacustomization_gridview	0.0	1.0	0.0	0.0	0.5	0.0	0.0	1.0	0.0	0.0	0.5	0.0	1920.0	1080.0	0	0	1	0	0	0	0					0.000	0.000	1920.000	1080.000	stretch	stretch	yes
common/ui/weapons/screens/menuweaponscreen	3	Default/ScreenContainer/MetaCustomization_GridView/ScreenContainer	RimeContainerElementData	ScreenContainer	common/ui/metacore/metacustomization/views/metacustomization_gridview		0.5	0.5	0.0	0.0	0.5	1.0	1.0	1.0	0.0	0.0	1.0	1.0	1920.0	1080.0	0	0	1	0	0	0	0					0.000	0.000	1920.000	1080.000	authored	authored	yes
common/ui/weapons/screens/menuweaponscreen	4	Default/ScreenContainer/MetaCustomization_GridView/ScreenContainer/Grid Container	RimeContainerElementData	Grid Container	common/ui/metacore/metacustomization/views/metacustomization_gridview		0.0	0.0	48.0	-48.0	0.0	1.0	1.0	1.0	-30.0	30.0	1.0	1.0	1242.0	341.0	0	0	1	0	0	0	0					48.000	709.000	1242.000	341.000	authored	authored	yes
common/ui/weapons/screens/menuweaponscreen	5	Default/ScreenContainer/MetaCustomization_GridView/ScreenContainer/Grid Container/Weapon Grid	6cc27f98-68ca-c25c-4e3d-fef09567419b	Weapon Grid	common/ui/metacore/metacustomization/views/metacustomization_gridview		0.0	1.0	10.0	0.0	0.5	0.0	0.0	1.0	-10.0	0.0	0.5	0.0	990.0	330.0	0	0	1	10	10	10	10					58.000	699.000	1232.000	351.000	stretch	stretch	yes
common/ui/weapons/screens/menuweaponscreen	5	Default/ScreenContainer/MetaCustomization_GridView/ScreenContainer/Grid Container/Scrollbar FadeOuts	ca959de9-1107-7900-4a87-49f1b9a90f90	Scrollbar FadeOuts	common/ui/metacore/metacustomization/views/metacustomization_gridview	common/ui/componentlibrary/temp/interactable/scrollbar/cl_defaultscrollbarverticalfadeouts_legacy	0.0	1.0	0.0	0.0	0.5	0.0	0.0	1.0	-10.0	0.0	0.5	0.0	256.0	256.0	0	0	1	0	0	0	0					48.000	699.000	1242.000	351.000	stretch	stretch	yes
common/ui/weapons/screens/menuweaponscreen	6	Default/ScreenContainer/MetaCustomization_GridView/ScreenContainer/Grid Container/Scrollbar FadeOuts/BottomGradient	RimeFillElementData	BottomGradient	common/ui/componentlibrary/temp/interactable/scrollbar/cl_defaultscrollbarverticalfadeouts_legacy		0.0	1.0	0.0	0.0	0.5	0.0	1.0	1.0	0.0	0.0	1.0	1.0	256.0	64.0	0	0	1	0	0	0	0					48.000	986.000	1242.000	64.000	stretch	authored	yes
common/ui/weapons/screens/menuweaponscreen	6	Default/ScreenContainer/MetaCustomization_GridView/ScreenContainer/Grid Container/Scrollbar FadeOuts/TopGradient	RimeFillElementData	TopGradient	common/ui/componentlibrary/temp/interactable/scrollbar/cl_defaultscrollbarverticalfadeouts_legacy		0.0	1.0	0.0	0.0	0.5	0.0	0.0	0.0	0.0	0.0	0.0	1.0	256.0	64.0	0	0	1	0	0	0	0					48.000	699.000	1242.000	64.000	stretch	authored	yes
common/ui/weapons/screens/menuweaponscreen	5	Default/ScreenContainer/MetaCustomization_GridView/ScreenContainer/Grid Container/Scrollbar Vertical - Always on top	ca959de9-1107-7900-4a87-49f1b9a90f90	Scrollbar Vertical - Always on top	common/ui/metacore/metacustomization/views/metacustomization_gridview	common/ui/componentlibrary/components/scrolling/widgets/cl_scrollbarvertical	0.0	1.0	0.0	25.0	0.5	0.0	0.0	1.0	1.0	1.0	0.5	0.0	10.0	100.0	0	0	1	0	0	0	0					48.000	710.000	1217.000	339.000	stretch	stretch	yes
common/ui/weapons/screens/menuweaponscreen	6	Default/ScreenContainer/MetaCustomization_GridView/ScreenContainer/Grid Container/Scrollbar Vertical - Always on top/FlowDirectionContainer	RimeContainerElementData	FlowDirectionContainer	common/ui/componentlibrary/components/scrolling/widgets/cl_scrollbarvertical		0.0	1.0	0.0	0.0	0.5	0.0	0.0	1.0	0.0	0.0	0.5	0.0	256.0	256.0	0	0	1	0	0	0	0					48.000	710.000	1217.000	339.000	stretch	stretch	yes
common/ui/weapons/screens/menuweaponscreen	7	Default/ScreenContainer/MetaCustomization_GridView/ScreenContainer/Grid Container/Scrollbar Vertical - Always on top/FlowDirectionContainer/BFUIMouseInputListener	26a4798a-af71-7b75-23ae-8cd04884e94b	BFUIMouseInputListener	common/ui/componentlibrary/components/scrolling/widgets/cl_scrollbarvertical		1.0	1.0	30.0	-30.0	0.5	1.0	0.0	1.0	0.0	0.0	0.5	0.0	20.0	100.0	0	0	1	0	0	0	0					1285.000	710.000	20.000	339.000	authored	stretch	yes
common/ui/weapons/screens/menuweaponscreen	7	Default/ScreenContainer/MetaCustomization_GridView/ScreenContainer/Grid Container/Scrollbar Vertical - Always on top/FlowDirectionContainer/ScrollListener	26a4798a-af71-7b75-23ae-8cd04884e94b	ScrollListener	common/ui/componentlibrary/components/scrolling/widgets/cl_scrollbarvertical		0.0	1.0	0.0	-20.0	0.5	0.0	0.0	1.0	0.0	0.0	0.5	0.0	10.0	256.0	0	0	1	0	0	0	0					48.000	710.000	1237.000	339.000	stretch	stretch	yes
common/ui/weapons/screens/menuweaponscreen	7	Default/ScreenContainer/MetaCustomization_GridView/ScreenContainer/Grid Container/Scrollbar Vertical - Always on top/FlowDirectionContainer/ScrollDown	295b0545-d165-e962-3ebe-e871ce63aa88	ScrollDown	common/ui/componentlibrary/components/scrolling/widgets/cl_scrollbarvertical		0.0	0.0	0.0	0.0	0.0	1.0	0.5	0.5	0.0	0.0	0.5	1.0	1.0	1.0	0	0	1	0	0	0	0					48.000	879.000	1.000	1.000	authored	authored	yes
common/ui/weapons/screens/menuweaponscreen	7	Default/ScreenContainer/MetaCustomization_GridView/ScreenContainer/Grid Container/Scrollbar Vertical - Always on top/FlowDirectionContainer/ScrollUp	295b0545-d165-e962-3ebe-e871ce63aa88	ScrollUp	common/ui/componentlibrary/components/scrolling/widgets/cl_scrollbarvertical		0.0	0.0	0.0	0.0	0.0	1.0	0.5	0.5	0.0	0.0	0.5	1.0	1.0	1.0	0	0	1	0	0	0	0					48.000	879.000	1.000	1.000	authored	authored	yes
common/ui/weapons/screens/menuweaponscreen	5	Default/ScreenContainer/MetaCustomization_GridView/ScreenContainer/Grid Container/EmptyState	ca959de9-1107-7900-4a87-49f1b9a90f90	EmptyState	common/ui/metacore/metacustomization/views/metacustomization_gridview	common/ui/weapons/widgets/weaponlabelbacked	0.0	1.0	16.0	16.0	0.5	0.0	0.0	1.0	0.0	16.0	0.5	0.0	256.0	256.0	0	0	1	0	0	0	0					64.000	709.000	1210.000	325.000	stretch	stretch	yes
common/ui/weapons/screens/menuweaponscreen	6	Default/ScreenContainer/MetaCustomization_GridView/ScreenContainer/Grid Container/EmptyState/[MaskContainer] EmptyDotsMask	RimeMaskingContainerElementData	[MaskContainer] EmptyDotsMask	common/ui/weapons/widgets/weaponlabelbacked		0.0	1.0	0.0	0.0	0.5	0.0	0.0	1.0	0.0	0.0	0.5	0.0	1356.0	144.0	0	0	1	0	0	0	0					64.000	709.000	1210.000	325.000	stretch	stretch	yes
common/ui/weapons/screens/menuweaponscreen	7	Default/ScreenContainer/MetaCustomization_GridView/ScreenContainer/Grid Container/EmptyState/[MaskContainer] EmptyDotsMask/CB_DotsVisual	ca959de9-1107-7900-4a87-49f1b9a90f90	CB_DotsVisual	common/ui/weapons/widgets/weaponlabelbacked	common/ui/componentlibrary/shared/visual/cb_dotsvisual	0.0	1.0	0.0	0.0	0.5	0.0	0.0	1.0	0.0	0.0	0.5	0.0	256.0	144.0	0	0	1	0	0	0	0					64.000	709.000	1210.000	325.000	stretch	stretch	yes
common/ui/weapons/screens/menuweaponscreen	8	Default/ScreenContainer/MetaCustomization_GridView/ScreenContainer/Grid Container/EmptyState/[MaskContainer] EmptyDotsMask/CB_DotsVisual/CB_DotsVisual_FixedSize	ca959de9-1107-7900-4a87-49f1b9a90f90	CB_DotsVisual_FixedSize	common/ui/componentlibrary/shared/visual/cb_dotsvisual	common/ui/componentlibrary/shared/visual/cb_dotsvisual_fixedsize	0.0	1.0	0.0	0.0	0.5	0.0	0.0	1.0	0.0	0.0	0.5	0.0	100.0	100.0	0	0	1	0	0	0	0					64.000	709.000	1210.000	325.000	stretch	stretch	yes
common/ui/weapons/screens/menuweaponscreen	9	Default/ScreenContainer/MetaCustomization_GridView/ScreenContainer/Grid Container/EmptyState/[MaskContainer] EmptyDotsMask/CB_DotsVisual/CB_DotsVisual_FixedSize/RimeTexture	RimeTextureElementData	RimeTexture	common/ui/componentlibrary/shared/visual/cb_dotsvisual_fixedsize		0.0	1.0	0.0	0.0	0.5	0.0	0.0	1.0	0.0	0.0	0.5	0.0	100.0	100.0	0	0	1	0	0	0	0					64.000	709.000	1210.000	325.000	stretch	stretch	yes
common/ui/weapons/screens/menuweaponscreen	6	Default/ScreenContainer/MetaCustomization_GridView/ScreenContainer/Grid Container/EmptyState/NoMasteries	RimeLabelElementData	NoMasteries	common/ui/weapons/widgets/weaponlabelbacked		0.0	1.0	64.0	64.0	0.5	0.0	0.5	0.5	0.0	0.0	0.5	1.0	234.0	34.0	1	1	1	16	0	16	0					552.000	854.500	234.000	34.000	content	content	no
common/ui/weapons/screens/menuweaponscreen	5	Default/ScreenContainer/MetaCustomization_GridView/ScreenContainer/Grid Container/[BP_GreebleLine] Left	ca959de9-1107-7900-4a87-49f1b9a90f90	[BP_GreebleLine] Left	common/ui/metacore/metacustomization/views/metacustomization_gridview	common/ui/componentlibrary/components/decorators/sectioning/cl_greebleline	0.0	0.0	-32.0	32.0	0.0	1.0	0.0	1.0	-16.0	0.0	0.5	0.0	5.0	420.0	0	0	1	0	-8	0	-8					16.000	693.000	5.000	357.000	authored	stretch	yes
common/ui/weapons/screens/menuweaponscreen	6	Default/ScreenContainer/MetaCustomization_GridView/ScreenContainer/Grid Container/[BP_GreebleLine] Left/FlowDirectionContainer	RimeContainerElementData	FlowDirectionContainer	common/ui/componentlibrary/components/decorators/sectioning/cl_greebleline		0.0	1.0	0.0	0.0	0.5	0.0	0.0	1.0	0.0	0.0	0.5	0.0	256.0	256.0	0	0	1	0	0	0	0					16.000	685.000	5.000	373.000	stretch	stretch	yes
common/ui/weapons/screens/menuweaponscreen	7	Default/ScreenContainer/MetaCustomization_GridView/ScreenContainer/Grid Container/[BP_GreebleLine] Left/FlowDirectionContainer/[Line]  DashBottom	RimeLineElementData	[Line]  DashBottom	common/ui/componentlibrary/components/decorators/sectioning/cl_greebleline		0.0	0.0	32.0	-32.0	0.0	1.0	1.0	1.0	0.0	0.0	1.0	1.0	8.0	2.0	0	0	1	0	0	0	0					48.000	1056.000	8.000	2.000	authored	authored	yes
common/ui/weapons/screens/menuweaponscreen	7	Default/ScreenContainer/MetaCustomization_GridView/ScreenContainer/Grid Container/[BP_GreebleLine] Left/FlowDirectionContainer/[VStack]	RimeStackContainerElementData	[VStack]	common/ui/componentlibrary/components/decorators/sectioning/cl_greebleline		0.0	0.0	0.0	0.0	0.0	1.0	0.0	1.0	0.0	0.0	0.5	0.0	256.0	256.0	1	0	1	0	0	0	0	1	4.0	2	1	16.000	685.000	16.000	373.000	content	stretch	no
common/ui/weapons/screens/menuweaponscreen	8	Default/ScreenContainer/MetaCustomization_GridView/ScreenContainer/Grid Container/[BP_GreebleLine] Left/FlowDirectionContainer/[VStack]/[Container] TopCap	RimeContainerElementData	[Container] TopCap	common/ui/componentlibrary/components/decorators/sectioning/cl_greebleline		0.0	0.0	0.0	0.0	0.0	1.0	0.0	0.0	0.0	0.0	0.0	1.0	16.0	16.0	1	1	1	0	0	0	0					16.000	685.000	16.000	16.000	content	content	no
common/ui/weapons/screens/menuweaponscreen	9	Default/ScreenContainer/MetaCustomization_GridView/ScreenContainer/Grid Container/[BP_GreebleLine] Left/FlowDirectionContainer/[VStack]/[Container] TopCap/[Shape] CapTop	RimeVectorShapeElementData	[Shape] CapTop	common/ui/componentlibrary/components/decorators/sectioning/cl_greebleline		0.0	0.0	0.0	0.0	0.0	1.0	0.0	0.0	0.0	0.0	0.0	1.0	5.0	5.0	0	0	1	0	0	0	0					16.000	685.000	5.000	5.000	authored	authored	yes
common/ui/weapons/screens/menuweaponscreen	9	Default/ScreenContainer/MetaCustomization_GridView/ScreenContainer/Grid Container/[BP_GreebleLine] Left/FlowDirectionContainer/[VStack]/[Container] TopCap/[SVG] CirclePlus	RimeSvgElementData	[SVG] CirclePlus	common/ui/componentlibrary/components/decorators/sectioning/cl_greebleline		0.0	0.0	0.0	0.0	0.5	1.0	0.0	0.0	0.0	0.0	0.5	1.0	16.0	16.0	0	0	0	0	0	0	0					8.000	677.000	16.000	16.000	authored	authored	yes
common/ui/weapons/screens/menuweaponscreen	8	Default/ScreenContainer/MetaCustomization_GridView/ScreenContainer/Grid Container/[BP_GreebleLine] Left/FlowDirectionContainer/[VStack]/[Line]	RimeLineElementData	[Line]	common/ui/componentlibrary/components/decorators/sectioning/cl_greebleline		0.0	0.0	0.0	0.0	0.0	1.0	0.0	0.0	0.0	0.0	0.0	1.0	1.0	78.0	0	0	1	0	0	0	0					16.000	838.000	1.000	78.000	authored	authored	yes
common/ui/weapons/screens/menuweaponscreen	8	Default/ScreenContainer/MetaCustomization_GridView/ScreenContainer/Grid Container/[BP_GreebleLine] Left/FlowDirectionContainer/[VStack]/[Container] BottomCap	RimeContainerElementData	[Container] BottomCap	common/ui/componentlibrary/components/decorators/sectioning/cl_greebleline		0.0	1.0	0.0	0.0	0.5	0.0	0.0	0.0	98.14814758300781	-98.14814758300781	0.0	1.0	5.0	1.8518524169921875	1	1	1	0	0	0	0					21.500	1053.000	5.000	5.000	content	content	yes
common/ui/weapons/screens/menuweaponscreen	9	Default/ScreenContainer/MetaCustomization_GridView/ScreenContainer/Grid Container/[BP_GreebleLine] Left/FlowDirectionContainer/[VStack]/[Container] BottomCap/[Shape] CapBottom	RimeVectorShapeElementData	[Shape] CapBottom	common/ui/componentlibrary/components/decorators/sectioning/cl_greebleline		0.0	0.0	0.0	0.0	0.0	1.0	1.0	1.0	0.0	0.0	1.0	1.0	5.0	5.0	0	0	1	0	0	0	0					21.500	1053.000	5.000	5.000	authored	authored	yes
common/ui/weapons/screens/menuweaponscreen	7	Default/ScreenContainer/MetaCustomization_GridView/ScreenContainer/Grid Container/[BP_GreebleLine] Left/FlowDirectionContainer/[Line]  DashTop	RimeLineElementData	[Line]  DashTop	common/ui/componentlibrary/components/decorators/sectioning/cl_greebleline		0.0	0.0	32.0	-32.0	0.0	1.0	0.0	0.0	0.0	0.0	0.0	1.0	8.0	2.0	0	0	1	0	0	0	0					48.000	685.000	8.000	2.000	authored	authored	yes
common/ui/weapons/screens/menuweaponscreen	4	Default/ScreenContainer/MetaCustomization_GridView/ScreenContainer/VStack	RimeStackContainerElementData	VStack	common/ui/metacore/metacustomization/views/metacustomization_gridview		0.0	0.0	64.0	-64.0	0.0	1.0	1.0	1.0	-384.3345031738281	384.3345031738281	1.0	1.0	564.0	256.0	0	1	1	0	0	0	0	1	28.0	0	0	64.000	189.665	564.000	506.000	authored	content	no
common/ui/weapons/screens/menuweaponscreen	5	Default/ScreenContainer/MetaCustomization_GridView/ScreenContainer/VStack/Proficency FlowDirectionContainer	RimeContainerElementData	Proficency FlowDirectionContainer	common/ui/metacore/metacustomization/views/metacustomization_gridview		0.0	1.0	0.0	0.0	0.5	0.0	0.0	0.0	0.0	0.0	0.0	1.0	256.0	256.0	1	1	1	0	0	0	0					186.000	189.665	320.000	128.000	content	content	no
common/ui/weapons/screens/menuweaponscreen	6	Default/ScreenContainer/MetaCustomization_GridView/ScreenContainer/VStack/Proficency FlowDirectionContainer/MenuWeaponProficiencyWidget	ca959de9-1107-7900-4a87-49f1b9a90f90	MenuWeaponProficiencyWidget	common/ui/metacore/metacustomization/views/metacustomization_gridview	common/ui/weapons/widgets/menuweaponproficiencywidget	0.0	0.0	0.0	0.0	0.0	1.0	0.0	0.0	0.0	0.0	0.0	1.0	320.0	128.0	1	1	0	0	0	0	0					186.000	189.665	320.000	128.000	content	content	no
common/ui/weapons/screens/menuweaponscreen	7	Default/ScreenContainer/MetaCustomization_GridView/ScreenContainer/VStack/Proficency FlowDirectionContainer/MenuWeaponProficiencyWidget/RimeContainer	RimeContainerElementData	RimeContainer	common/ui/weapons/widgets/menuweaponproficiencywidget		0.0	0.0	0.0	0.0	0.0	1.0	0.0	0.0	0.0	0.0	0.0	1.0	256.0	256.0	1	1	1	0	0	0	0					186.000	189.665	404.000	552.000	content	content	no
common/ui/weapons/screens/menuweaponscreen	8	Default/ScreenContainer/MetaCustomization_GridView/ScreenContainer/VStack/Proficency FlowDirectionContainer/MenuWeaponProficiencyWidget/RimeContainer/BGDarkFill	RimeFillElementData	BGDarkFill	common/ui/weapons/widgets/menuweaponproficiencywidget		0.0	1.0	2.0	0.0	0.5	0.0	0.0	1.0	0.0	0.0	0.5	0.0	256.0	256.0	0	0	1	0	0	0	0					188.000	189.665	402.000	552.000	stretch	stretch	yes
common/ui/weapons/screens/menuweaponscreen	8	Default/ScreenContainer/MetaCustomization_GridView/ScreenContainer/VStack/Proficency FlowDirectionContainer/MenuWeaponProficiencyWidget/RimeContainer/BgFill	RimeFillElementData	BgFill	common/ui/weapons/widgets/menuweaponproficiencywidget		0.0	1.0	0.0	0.0	0.5	0.0	0.0	1.0	0.0	0.0	0.5	0.0	256.0	256.0	0	0	1	0	0	0	0					186.000	189.665	404.000	552.000	stretch	stretch	yes
common/ui/weapons/screens/menuweaponscreen	8	Default/ScreenContainer/MetaCustomization_GridView/ScreenContainer/VStack/Proficency FlowDirectionContainer/MenuWeaponProficiencyWidget/RimeContainer/VStack	RimeStackContainerElementData	VStack	common/ui/weapons/widgets/menuweaponproficiencywidget		0.0	0.0	0.0	0.0	0.0	1.0	0.0	0.0	0.0	0.0	0.0	1.0	256.0	256.0	1	1	1	0	0	0	0	0	16.0	2	0	186.000	189.665	404.000	552.000	content	content	no
common/ui/weapons/screens/menuweaponscreen	9	Default/ScreenContainer/MetaCustomization_GridView/ScreenContainer/VStack/Proficency FlowDirectionContainer/MenuWeaponProficiencyWidget/RimeContainer/VStack/Divider	ca959de9-1107-7900-4a87-49f1b9a90f90	Divider	common/ui/weapons/widgets/menuweaponproficiencywidget	common/ui/componentlibrary/components/borders/cl_dividervertical	0.5	0.5	253.0	-253.0	0.5	1.0	0.0	1.0	0.0	0.0	0.5	0.0	4.0	256.0	0	0	1	0	0	0	0					186.000	189.665	4.000	552.000	authored	stretch	yes
common/ui/weapons/screens/menuweaponscreen	10	Default/ScreenContainer/MetaCustomization_GridView/ScreenContainer/VStack/Proficency FlowDirectionContainer/MenuWeaponProficiencyWidget/RimeContainer/VStack/Divider/DashedLineConentsContainer	RimeContainerElementData	DashedLineConentsContainer	common/ui/componentlibrary/components/borders/cl_dividervertical		0.0	1.0	0.0	0.0	0.5	0.0	0.0	1.0	0.0	0.0	0.5	0.0	2.0	48.0	0	0	1	0	0	0	0					186.000	189.665	4.000	552.000	stretch	stretch	yes
common/ui/weapons/screens/menuweaponscreen	11	Default/ScreenContainer/MetaCustomization_GridView/ScreenContainer/VStack/Proficency FlowDirectionContainer/MenuWeaponProficiencyWidget/RimeContainer/VStack/Divider/DashedLineConentsContainer/AnchorAndMaskingContainer	RimeContainerElementData	AnchorAndMaskingContainer	common/ui/componentlibrary/components/borders/cl_dividervertical		0.0	1.0	0.0	0.0	0.5	0.0	0.0	1.0	0.0	0.0	0.5	0.0	2.0	48.0	0	0	0	0	0	0	0					186.000	189.665	4.000	552.000	stretch	stretch	yes
common/ui/weapons/screens/menuweaponscreen	12	Default/ScreenContainer/MetaCustomization_GridView/ScreenContainer/VStack/Proficency FlowDirectionContainer/MenuWeaponProficiencyWidget/RimeContainer/VStack/Divider/DashedLineConentsContainer/AnchorAndMaskingContainer/CB_DashedLineVertical	ca959de9-1107-7900-4a87-49f1b9a90f90	CB_DashedLineVertical	common/ui/componentlibrary/components/borders/cl_dividervertical	common/ui/componentlibrary/shared/visual/cb_dashedlinevertical	0.0	1.0	0.0	0.0	0.5	0.0	0.0	1.0	0.0	0.0	0.5	0.0	2.0	152.0	0	0	0	0	0	0	0					186.000	189.665	4.000	552.000	stretch	stretch	yes
common/ui/weapons/screens/menuweaponscreen	13	Default/ScreenContainer/MetaCustomization_GridView/ScreenContainer/VStack/Proficency FlowDirectionContainer/MenuWeaponProficiencyWidget/RimeContainer/VStack/Divider/DashedLineConentsContainer/AnchorAndMaskingContainer/CB_DashedLineVertical/[RimeProgressBar] DashedLine	RimeProgressBarElementData	[RimeProgressBar] DashedLine	common/ui/componentlibrary/shared/visual/cb_dashedlinevertical		0.5	0.5	0.0	0.0	0.5	1.0	0.0	1.0	0.0	0.0	0.5	0.0	2.0	2.0	0	0	1	0	0	0	0					187.000	189.665	2.000	552.000	authored	stretch	yes
common/ui/weapons/screens/menuweaponscreen	10	Default/ScreenContainer/MetaCustomization_GridView/ScreenContainer/VStack/Proficency FlowDirectionContainer/MenuWeaponProficiencyWidget/RimeContainer/VStack/Divider/SolidLineContainer	RimeContainerElementData	SolidLineContainer	common/ui/componentlibrary/components/borders/cl_dividervertical		0.0	1.0	0.0	0.0	0.5	0.0	0.0	1.0	0.0	0.0	0.5	0.0	256.0	256.0	0	0	0	0	0	0	0					186.000	189.665	4.000	552.000	stretch	stretch	yes
common/ui/weapons/screens/menuweaponscreen	11	Default/ScreenContainer/MetaCustomization_GridView/ScreenContainer/VStack/Proficency FlowDirectionContainer/MenuWeaponProficiencyWidget/RimeContainer/VStack/Divider/SolidLineContainer/SolidLine	RimeLineElementData	SolidLine	common/ui/componentlibrary/components/borders/cl_dividervertical		0.0	1.0	0.0	0.0	0.5	0.0	0.0	1.0	0.0	0.0	0.5	0.0	2.0	256.0	0	0	1	0	0	0	0					186.000	189.665	4.000	552.000	stretch	stretch	yes
common/ui/weapons/screens/menuweaponscreen	10	Default/ScreenContainer/MetaCustomization_GridView/ScreenContainer/VStack/Proficency FlowDirectionContainer/MenuWeaponProficiencyWidget/RimeContainer/VStack/Divider/CapContainer	RimeContainerElementData	CapContainer	common/ui/componentlibrary/components/borders/cl_dividervertical		0.0	1.0	0.0	0.0	0.5	0.0	0.0	1.0	0.0	0.0	0.5	0.0	256.0	256.0	0	0	0	0	0	0	0					186.000	189.665	4.000	552.000	stretch	stretch	yes
common/ui/weapons/screens/menuweaponscreen	11	Default/ScreenContainer/MetaCustomization_GridView/ScreenContainer/VStack/Proficency FlowDirectionContainer/MenuWeaponProficiencyWidget/RimeContainer/VStack/Divider/CapContainer/LineCapBottom	RimeLineElementData	LineCapBottom	common/ui/componentlibrary/components/borders/cl_dividervertical		0.5	0.5	0.0	0.0	0.5	1.0	1.0	1.0	0.0	0.0	1.0	1.0	8.0	2.0	0	0	1	0	0	0	0					184.000	739.665	8.000	2.000	authored	authored	yes
common/ui/weapons/screens/menuweaponscreen	11	Default/ScreenContainer/MetaCustomization_GridView/ScreenContainer/VStack/Proficency FlowDirectionContainer/MenuWeaponProficiencyWidget/RimeContainer/VStack/Divider/CapContainer/LineCapTop	RimeLineElementData	LineCapTop	common/ui/componentlibrary/components/borders/cl_dividervertical		0.5	0.5	0.0	0.0	0.5	1.0	0.0	0.0	0.0	0.0	0.0	1.0	8.0	2.0	0	0	1	0	0	0	0					184.000	189.665	8.000	2.000	authored	authored	yes
common/ui/weapons/screens/menuweaponscreen	9	Default/ScreenContainer/MetaCustomization_GridView/ScreenContainer/VStack/Proficency FlowDirectionContainer/MenuWeaponProficiencyWidget/RimeContainer/VStack/MenuWeaponProficiencyIcon	ca959de9-1107-7900-4a87-49f1b9a90f90	MenuWeaponProficiencyIcon	common/ui/weapons/widgets/menuweaponproficiencywidget	common/ui/weapons/widgets/menuweaponproficiencyicon	0.0	0.0	0.0	0.0	0.0	1.0	0.5	0.5	0.0	0.0	0.5	1.0	56.0	56.0	0	0	1	0	0	0	0					206.000	437.665	56.000	56.000	authored	authored	yes
common/ui/weapons/screens/menuweaponscreen	10	Default/ScreenContainer/MetaCustomization_GridView/ScreenContainer/VStack/Proficency FlowDirectionContainer/MenuWeaponProficiencyWidget/RimeContainer/VStack/MenuWeaponProficiencyIcon/Icon	RimeSvgElementData	Icon	common/ui/weapons/widgets/menuweaponproficiencyicon		0.5	0.5	0.0	0.0	0.5	1.0	0.5	0.5	0.0	0.0	0.5	1.0	56.0	56.0	0	0	1	0	0	0	0					206.000	437.665	56.000	56.000	authored	authored	yes
common/ui/weapons/screens/menuweaponscreen	9	Default/ScreenContainer/MetaCustomization_GridView/ScreenContainer/VStack/Proficency FlowDirectionContainer/MenuWeaponProficiencyWidget/RimeContainer/VStack/HStack	RimeStackContainerElementData	HStack	common/ui/weapons/widgets/menuweaponproficiencywidget		0.0	0.0	0.0	0.0	0.0	1.0	0.5	0.5	0.0	0.0	0.5	1.0	256.0	256.0	1	1	1	0	16	56	16	1	8.0	0	0	278.000	189.665	312.000	552.000	content	content	no
common/ui/weapons/screens/menuweaponscreen	10	Default/ScreenContainer/MetaCustomization_GridView/ScreenContainer/VStack/Proficency FlowDirectionContainer/MenuWeaponProficiencyWidget/RimeContainer/VStack/HStack/Title	RimeLabelElementData	Title	common/ui/weapons/widgets/menuweaponproficiencywidget		0.0	0.0	0.0	0.0	0.0	1.0	0.0	0.0	0.0	0.0	0.0	1.0	256.0	256.0	1	1	1	0	0	0	0					278.000	205.665	256.000	256.000	content	content	no
common/ui/weapons/screens/menuweaponscreen	10	Default/ScreenContainer/MetaCustomization_GridView/ScreenContainer/VStack/Proficency FlowDirectionContainer/MenuWeaponProficiencyWidget/RimeContainer/VStack/HStack/Description	RimeLabelElementData	Description	common/ui/weapons/widgets/menuweaponproficiencywidget		0.0	1.0	0.0	0.0	0.5	0.0	0.0	0.0	0.0	0.0	0.0	1.0	256.0	256.0	0	1	1	0	0	0	0					278.000	469.665	256.000	256.000	stretch	content	no
common/ui/weapons/screens/menuweaponscreen	5	Default/ScreenContainer/MetaCustomization_GridView/ScreenContainer/VStack/MetaCustomization_GridInfoView	ca959de9-1107-7900-4a87-49f1b9a90f90	MetaCustomization_GridInfoView	common/ui/metacore/metacustomization/views/metacustomization_gridview	common/ui/metacore/metacustomization/widgets/metacustomization_gridinfo	0.5	0.5	0.0	0.0	0.5	1.0	0.0	0.0	0.0	0.0	0.0	1.0	1900.0	350.0	0	1	1	0	0	0	0					-604.000	345.665	1900.000	350.000	authored	content	no
common/ui/weapons/screens/menuweaponscreen	6	Default/ScreenContainer/MetaCustomization_GridView/ScreenContainer/VStack/MetaCustomization_GridInfoView/Package Info	RimeContainerElementData	Package Info	common/ui/metacore/metacustomization/widgets/metacustomization_gridinfo		0.0	1.0	0.0	0.0	0.5	0.0	1.0	1.0	0.0	0.0	1.0	1.0	564.0	350.0	0	1	1	0	0	0	0					-604.000	537.665	1900.000	158.000	stretch	content	no
common/ui/weapons/screens/menuweaponscreen	7	Default/ScreenContainer/MetaCustomization_GridView/ScreenContainer/VStack/MetaCustomization_GridInfoView/Package Info/Header	ca959de9-1107-7900-4a87-49f1b9a90f90	Header	common/ui/metacore/metacustomization/widgets/metacustomization_gridinfo	common/ui/weapons/widgets/weaponinfoheader	0.0	1.0	0.0	0.0	0.5	0.0	0.0	1.0	0.0	0.0	0.5	0.0	564.0	158.0	0	1	1	0	0	0	0					-604.000	537.665	1900.000	158.000	stretch	content	no
common/ui/weapons/screens/menuweaponscreen	8	Default/ScreenContainer/MetaCustomization_GridView/ScreenContainer/VStack/MetaCustomization_GridInfoView/Package Info/Header/HighlightScalarContainer	RimeContainerElementData	HighlightScalarContainer	common/ui/weapons/widgets/weaponinfoheader		0.0	1.0	0.0	0.0	0.5	0.0	0.0	1.0	0.0	0.0	0.5	0.0	256.0	256.0	0	1	1	0	0	0	0					-604.000	-177.835	1900.000	1589.000	stretch	content	no
common/ui/weapons/screens/menuweaponscreen	9	Default/ScreenContainer/MetaCustomization_GridView/ScreenContainer/VStack/MetaCustomization_GridInfoView/Package Info/Header/HighlightScalarContainer/Vertical Stack	RimeStackContainerElementData	Vertical Stack	common/ui/weapons/widgets/weaponinfoheader		0.0	1.0	24.0	0.0	0.5	0.0	0.0	0.0	12.0	-12.0	0.0	1.0	256.0	439.0	0	1	1	0	0	0	0	1	0.0	0	0	-580.000	-165.835	1876.000	1453.000	stretch	content	no
common/ui/weapons/screens/menuweaponscreen	10	Default/ScreenContainer/MetaCustomization_GridView/ScreenContainer/VStack/MetaCustomization_GridInfoView/Package Info/Header/HighlightScalarContainer/Vertical Stack/Headers FlowDirectionContainer	RimeContainerElementData	Headers FlowDirectionContainer	common/ui/weapons/widgets/weaponinfoheader		0.0	1.0	0.0	0.0	0.5	0.0	0.0	0.0	0.0	0.0	0.0	1.0	256.0	256.0	1	1	1	0	0	0	0					230.000	-165.835	256.000	800.000	content	content	no
common/ui/weapons/screens/menuweaponscreen	11	Default/ScreenContainer/MetaCustomization_GridView/ScreenContainer/VStack/MetaCustomization_GridInfoView/Package Info/Header/HighlightScalarContainer/Vertical Stack/Headers FlowDirectionContainer/Horizontal Icon Container	RimeStackContainerElementData	Horizontal Icon Container	common/ui/weapons/widgets/weaponinfoheader		0.0	0.0	0.0	0.0	0.0	1.0	0.0	0.0	0.0	0.0	0.0	1.0	256.0	256.0	0	1	1	0	0	0	0	0	0.0	0	0	230.000	-165.835	256.000	800.000	authored	content	no
common/ui/weapons/screens/menuweaponscreen	12	Default/ScreenContainer/MetaCustomization_GridView/ScreenContainer/VStack/MetaCustomization_GridInfoView/Package Info/Header/HighlightScalarContainer/Vertical Stack/Headers FlowDirectionContainer/Horizontal Icon Container/RimeContainer	RimeContainerElementData	RimeContainer	common/ui/weapons/widgets/weaponinfoheader		0.0	0.0	0.0	0.0	0.0	1.0	0.0	0.0	0.0	0.0	0.0	1.0	140.0	140.0	1	1	0	0	-2	20	0					230.000	-165.835	148.000	126.000	content	content	no
common/ui/weapons/screens/menuweaponscreen	13	Default/ScreenContainer/MetaCustomization_GridView/ScreenContainer/VStack/MetaCustomization_GridInfoView/Package Info/Header/HighlightScalarContainer/Vertical Stack/Headers FlowDirectionContainer/Horizontal Icon Container/RimeContainer/LeftIcon	RimeSvgElementData	LeftIcon	common/ui/weapons/widgets/weaponinfoheader		0.5	0.5	0.0	0.0	0.5	1.0	0.5	0.5	0.0	0.0	0.5	1.0	128.0	128.0	0	0	1	0	0	0	0					230.000	-167.835	128.000	128.000	authored	authored	yes
common/ui/weapons/screens/menuweaponscreen	13	Default/ScreenContainer/MetaCustomization_GridView/ScreenContainer/VStack/MetaCustomization_GridInfoView/Package Info/Header/HighlightScalarContainer/Vertical Stack/Headers FlowDirectionContainer/Horizontal Icon Container/RimeContainer/CB_BorderThinSubtle	ca959de9-1107-7900-4a87-49f1b9a90f90	CB_BorderThinSubtle	common/ui/weapons/widgets/weaponinfoheader	common/ui/componentlibrary/shared/visual/cb_borderthinsubtle	0.5	0.5	0.0	0.0	0.5	1.0	0.5	0.5	0.0	0.0	0.5	1.0	128.0	128.0	0	0	1	0	0	0	0					230.000	-167.835	128.000	128.000	authored	authored	yes
common/ui/weapons/screens/menuweaponscreen	14	Default/ScreenContainer/MetaCustomization_GridView/ScreenContainer/VStack/MetaCustomization_GridInfoView/Package Info/Header/HighlightScalarContainer/Vertical Stack/Headers FlowDirectionContainer/Horizontal Icon Container/RimeContainer/CB_BorderThinSubtle/RimeBorder	RimeBorderElementData	RimeBorder	common/ui/componentlibrary/shared/visual/cb_borderthinsubtle		0.0	1.0	0.0	0.0	0.5	0.0	0.0	1.0	0.0	0.0	0.5	0.0	256.0	256.0	0	0	1	0	0	0	0					230.000	-167.835	128.000	128.000	stretch	stretch	yes
common/ui/weapons/screens/menuweaponscreen	13	Default/ScreenContainer/MetaCustomization_GridView/ScreenContainer/VStack/MetaCustomization_GridInfoView/Package Info/Header/HighlightScalarContainer/Vertical Stack/Headers FlowDirectionContainer/Horizontal Icon Container/RimeContainer/OverlayTop	RimeFillElementData	OverlayTop	common/ui/weapons/widgets/weaponinfoheader		0.0	1.0	0.0	0.0	0.5	0.0	0.0	1.0	0.0	0.0	0.5	0.0	256.0	256.0	0	0	1	0	0	0	0					230.000	-167.835	128.000	128.000	stretch	stretch	yes
common/ui/weapons/screens/menuweaponscreen	12	Default/ScreenContainer/MetaCustomization_GridView/ScreenContainer/VStack/MetaCustomization_GridInfoView/Package Info/Header/HighlightScalarContainer/Vertical Stack/Headers FlowDirectionContainer/Horizontal Icon Container/Headers	RimeStackContainerElementData	Headers	common/ui/weapons/widgets/weaponinfoheader		0.0	0.0	0.0	0.0	0.0	1.0	0.0	0.0	0.0	0.0	0.0	1.0	600.0	256.0	0	1	1	0	0	0	0	1	16.0	0	0	378.000	-165.835	600.000	800.000	authored	content	no
common/ui/weapons/screens/menuweaponscreen	13	Default/ScreenContainer/MetaCustomization_GridView/ScreenContainer/VStack/MetaCustomization_GridInfoView/Package Info/Header/HighlightScalarContainer/Vertical Stack/Headers FlowDirectionContainer/Horizontal Icon Container/Headers/Subheader_Top	RimeLabelElementData	Subheader_Top	common/ui/weapons/widgets/weaponinfoheader		0.0	1.0	0.0	0.0	0.5	0.0	0.5	0.5	69.0	-69.0	0.5	1.0	600.0	256.0	1	1	0	0	0	0	0					378.000	-165.835	600.000	256.000	content	content	no
common/ui/weapons/screens/menuweaponscreen	13	Default/ScreenContainer/MetaCustomization_GridView/ScreenContainer/VStack/MetaCustomization_GridInfoView/Package Info/Header/HighlightScalarContainer/Vertical Stack/Headers FlowDirectionContainer/Horizontal Icon Container/Headers/Name and Labels	RimeStackContainerElementData	Name and Labels	common/ui/weapons/widgets/weaponinfoheader		0.0	1.0	0.0	0.0	0.5	0.0	0.0	0.0	0.0	0.0	0.0	1.0	256.0	256.0	0	1	1	0	0	0	0	0	16.0	0	0	378.000	106.165	600.000	256.000	stretch	content	no
common/ui/weapons/screens/menuweaponscreen	14	Default/ScreenContainer/MetaCustomization_GridView/ScreenContainer/VStack/MetaCustomization_GridInfoView/Package Info/Header/HighlightScalarContainer/Vertical Stack/Headers FlowDirectionContainer/Horizontal Icon Container/Headers/Name and Labels/Title	RimeLabelElementData	Title	common/ui/weapons/widgets/weaponinfoheader		0.0	0.0	0.0	0.0	0.0	1.0	0.5	0.5	0.0	0.0	0.5	1.0	824.0	256.0	0	1	1	0	0	0	0					378.000	106.165	824.000	256.000	authored	content	no
common/ui/weapons/screens/menuweaponscreen	14	Default/ScreenContainer/MetaCustomization_GridView/ScreenContainer/VStack/MetaCustomization_GridInfoView/Package Info/Header/HighlightScalarContainer/Vertical Stack/Headers FlowDirectionContainer/Horizontal Icon Container/Headers/Name and Labels/Format_Slash	RimeLabelElementData	Format_Slash	common/ui/weapons/widgets/weaponinfoheader		0.5	0.5	0.0	0.0	0.5	1.0	0.5	0.5	0.0	0.0	0.5	1.0	600.0	256.0	1	1	0	-10	0	0	0					1218.000	106.165	600.000	256.000	content	content	no
common/ui/weapons/screens/menuweaponscreen	14	Default/ScreenContainer/MetaCustomization_GridView/ScreenContainer/VStack/MetaCustomization_GridInfoView/Package Info/Header/HighlightScalarContainer/Vertical Stack/Headers FlowDirectionContainer/Horizontal Icon Container/Headers/Name and Labels/IsModified	RimeLabelElementData	IsModified	common/ui/weapons/widgets/weaponinfoheader		0.0	0.0	0.0	0.0	0.0	1.0	0.5	0.5	0.0	0.0	0.5	1.0	600.0	256.0	1	1	0	0	0	0	0					1834.000	106.165	600.000	256.000	content	content	no
common/ui/weapons/screens/menuweaponscreen	13	Default/ScreenContainer/MetaCustomization_GridView/ScreenContainer/VStack/MetaCustomization_GridInfoView/Package Info/Header/HighlightScalarContainer/Vertical Stack/Headers FlowDirectionContainer/Horizontal Icon Container/Headers/Subtitle	RimeLabelElementData	Subtitle	common/ui/weapons/widgets/weaponinfoheader		0.0	1.0	0.0	0.0	0.5	0.0	0.5	0.5	69.0	-69.0	0.5	1.0	600.0	256.0	1	1	1	0	0	0	0					378.000	378.165	600.000	256.000	content	content	no
common/ui/weapons/screens/menuweaponscreen	10	Default/ScreenContainer/MetaCustomization_GridView/ScreenContainer/VStack/MetaCustomization_GridInfoView/Package Info/Header/HighlightScalarContainer/Vertical Stack/Point Cost	ca959de9-1107-7900-4a87-49f1b9a90f90	Point Cost	common/ui/weapons/widgets/weaponinfoheader	common/ui/weapons/widgets/weaponpointcost	0.0	0.0	0.0	0.0	0.0	1.0	0.0	0.0	102.0	-102.0	0.0	1.0	488.0	133.0	0	1	0	0	0	0	0					-580.000	634.165	488.000	133.000	authored	content	no
common/ui/weapons/screens/menuweaponscreen	11	Default/ScreenContainer/MetaCustomization_GridView/ScreenContainer/VStack/MetaCustomization_GridInfoView/Package Info/Header/HighlightScalarContainer/Vertical Stack/Point Cost/RimeStackContainer	RimeStackContainerElementData	RimeStackContainer	common/ui/weapons/widgets/weaponpointcost		0.0	0.0	0.0	0.0	0.0	1.0	0.0	0.0	0.0	0.0	0.0	1.0	256.0	256.0	1	1	1	0	0	0	0	1	8.0	0	0	-580.000	634.165	520.000	560.000	content	content	no
common/ui/weapons/screens/menuweaponscreen	12	Default/ScreenContainer/MetaCustomization_GridView/ScreenContainer/VStack/MetaCustomization_GridInfoView/Package Info/Header/HighlightScalarContainer/Vertical Stack/Point Cost/RimeStackContainer/Stack FlowDirectionContainer	RimeContainerElementData	Stack FlowDirectionContainer	common/ui/weapons/widgets/weaponpointcost		0.0	1.0	0.0	0.0	0.5	0.0	0.0	0.0	0.0	0.0	0.0	1.0	256.0	256.0	1	1	1	0	0	0	0					-376.000	634.165	112.000	32.000	content	content	no
common/ui/weapons/screens/menuweaponscreen	13	Default/ScreenContainer/MetaCustomization_GridView/ScreenContainer/VStack/MetaCustomization_GridInfoView/Package Info/Header/HighlightScalarContainer/Vertical Stack/Point Cost/RimeStackContainer/Stack FlowDirectionContainer/Horizontal Stack	RimeStackContainerElementData	Horizontal Stack	common/ui/weapons/widgets/weaponpointcost		0.0	0.0	0.0	0.0	0.0	1.0	0.5	0.5	0.0	0.0	0.5	1.0	256.0	256.0	1	1	1	0	0	0	0	0	0.0	0	1	-376.000	634.165	112.000	32.000	content	content	no
common/ui/weapons/screens/menuweaponscreen	14	Default/ScreenContainer/MetaCustomization_GridView/ScreenContainer/VStack/MetaCustomization_GridInfoView/Package Info/Header/HighlightScalarContainer/Vertical Stack/Point Cost/RimeStackContainer/Stack FlowDirectionContainer/Horizontal Stack/Point Cost With Weight	RimeLabelElementData	Point Cost With Weight	common/ui/weapons/widgets/weaponpointcost		1.0	1.0	0.0	0.0	1.0	1.0	0.0	0.0	0.0	0.0	0.0	1.0	48.0	32.0	1	0	1	4	6	4	6					-376.000	634.165	48.000	32.000	content	authored	no
common/ui/weapons/screens/menuweaponscreen	14	Default/ScreenContainer/MetaCustomization_GridView/ScreenContainer/VStack/MetaCustomization_GridInfoView/Package Info/Header/HighlightScalarContainer/Vertical Stack/Point Cost/RimeStackContainer/Stack FlowDirectionContainer/Horizontal Stack/IconShape	RimeContainerElementData	IconShape	common/ui/weapons/widgets/weaponpointcost		0.0	0.0	-1.0	1.0	0.0	1.0	0.5	0.5	1.0	-1.0	0.5	1.0	13.0	13.0	0	0	0	0	0	0	0					-334.500	644.665	13.000	13.000	authored	authored	yes
common/ui/weapons/screens/menuweaponscreen	15	Default/ScreenContainer/MetaCustomization_GridView/ScreenContainer/VStack/MetaCustomization_GridInfoView/Package Info/Header/HighlightScalarContainer/Vertical Stack/Point Cost/RimeStackContainer/Stack FlowDirectionContainer/Horizontal Stack/IconShape/BottomShape	RimeVectorShapeElementData	BottomShape	common/ui/weapons/widgets/weaponpointcost		0.0	1.0	0.0	0.0	0.5	0.0	0.0	1.0	0.0	0.0	0.5	0.0	256.0	256.0	0	0	1	0	0	0	0					-334.500	644.665	13.000	13.000	stretch	stretch	yes
common/ui/weapons/screens/menuweaponscreen	15	Default/ScreenContainer/MetaCustomization_GridView/ScreenContainer/VStack/MetaCustomization_GridInfoView/Package Info/Header/HighlightScalarContainer/Vertical Stack/Point Cost/RimeStackContainer/Stack FlowDirectionContainer/Horizontal Stack/IconShape/TopShape	RimeVectorShapeElementData	TopShape	common/ui/weapons/widgets/weaponpointcost		0.0	1.0	0.0	0.0	0.5	0.0	0.0	1.0	0.0	0.0	0.5	0.0	256.0	256.0	0	0	1	0	0	0	0					-334.500	644.665	13.000	13.000	stretch	stretch	yes
common/ui/weapons/screens/menuweaponscreen	14	Default/ScreenContainer/MetaCustomization_GridView/ScreenContainer/VStack/MetaCustomization_GridInfoView/Package Info/Header/HighlightScalarContainer/Vertical Stack/Point Cost/RimeStackContainer/Stack FlowDirectionContainer/Horizontal Stack/Progress Shapes	RimeContainerElementData	Progress Shapes	common/ui/weapons/widgets/weaponpointcost		0.0	0.0	0.0	0.0	0.0	1.0	0.5	0.5	0.0	0.0	0.5	1.0	256.0	18.0	1	0	1	0	0	0	0					-328.000	641.165	64.000	18.000	content	authored	yes
common/ui/weapons/screens/menuweaponscreen	15	Default/ScreenContainer/MetaCustomization_GridView/ScreenContainer/VStack/MetaCustomization_GridInfoView/Package Info/Header/HighlightScalarContainer/Vertical Stack/Point Cost/RimeStackContainer/Stack FlowDirectionContainer/Horizontal Stack/Progress Shapes/BGFillContainer	RimeContainerElementData	BGFillContainer	common/ui/weapons/widgets/weaponpointcost		0.0	0.0	0.0	0.0	0.0	1.0	0.0	1.0	0.0	0.0	0.5	0.0	64.0	256.0	1	0	1	0	0	0	0					-328.000	641.165	64.000	18.000	content	stretch	yes
common/ui/weapons/screens/menuweaponscreen	16	Default/ScreenContainer/MetaCustomization_GridView/ScreenContainer/VStack/MetaCustomization_GridInfoView/Package Info/Header/HighlightScalarContainer/Vertical Stack/Point Cost/RimeStackContainer/Stack FlowDirectionContainer/Horizontal Stack/Progress Shapes/BGFillContainer/BGFillBottomShape	RimeRepeatShapeElementData	BGFillBottomShape	common/ui/weapons/widgets/weaponpointcost		0.0	0.0	0.0	0.0	0.0	1.0	0.0	1.0	0.0	0.0	0.5	0.0	64.0	256.0	0	0	1	0	0	0	0					-328.000	641.165	64.000	18.000	authored	stretch	yes
common/ui/weapons/screens/menuweaponscreen	16	Default/ScreenContainer/MetaCustomization_GridView/ScreenContainer/VStack/MetaCustomization_GridInfoView/Package Info/Header/HighlightScalarContainer/Vertical Stack/Point Cost/RimeStackContainer/Stack FlowDirectionContainer/Horizontal Stack/Progress Shapes/BGFillContainer/BGFillTopShape	RimeRepeatShapeElementData	BGFillTopShape	common/ui/weapons/widgets/weaponpointcost		0.0	0.0	0.0	0.0	0.0	1.0	0.0	1.0	0.0	0.0	0.5	0.0	64.0	256.0	0	0	1	0	0	0	0					-328.000	641.165	64.000	18.000	authored	stretch	yes
common/ui/weapons/screens/menuweaponscreen	15	Default/ScreenContainer/MetaCustomization_GridView/ScreenContainer/VStack/MetaCustomization_GridInfoView/Package Info/Header/HighlightScalarContainer/Vertical Stack/Point Cost/RimeStackContainer/Stack FlowDirectionContainer/Horizontal Stack/Progress Shapes/DeltaContainer	RimeContainerElementData	DeltaContainer	common/ui/weapons/widgets/weaponpointcost		0.0	0.0	0.0	0.0	0.0	1.0	0.0	1.0	0.0	0.0	0.5	0.0	256.0	256.0	1	0	1	0	0	0	0					-328.000	641.165	64.000	18.000	content	stretch	yes
common/ui/weapons/screens/menuweaponscreen	16	Default/ScreenContainer/MetaCustomization_GridView/ScreenContainer/VStack/MetaCustomization_GridInfoView/Package Info/Header/HighlightScalarContainer/Vertical Stack/Point Cost/RimeStackContainer/Stack FlowDirectionContainer/Horizontal Stack/Progress Shapes/DeltaContainer/DeltaBottomShape	RimeRepeatShapeElementData	DeltaBottomShape	common/ui/weapons/widgets/weaponpointcost		0.0	0.0	0.0	0.0	0.0	1.0	0.0	1.0	0.0	0.0	0.5	0.0	64.0	256.0	0	0	1	0	0	0	0					-328.000	641.165	64.000	18.000	authored	stretch	yes
common/ui/weapons/screens/menuweaponscreen	16	Default/ScreenContainer/MetaCustomization_GridView/ScreenContainer/VStack/MetaCustomization_GridInfoView/Package Info/Header/HighlightScalarContainer/Vertical Stack/Point Cost/RimeStackContainer/Stack FlowDirectionContainer/Horizontal Stack/Progress Shapes/DeltaContainer/DeltaTopShape	RimeRepeatShapeElementData	DeltaTopShape	common/ui/weapons/widgets/weaponpointcost		0.0	0.0	0.0	0.0	0.0	1.0	0.0	1.0	0.0	0.0	0.5	0.0	64.0	256.0	0	0	1	0	0	0	0					-328.000	641.165	64.000	18.000	authored	stretch	yes
common/ui/weapons/screens/menuweaponscreen	15	Default/ScreenContainer/MetaCustomization_GridView/ScreenContainer/VStack/MetaCustomization_GridInfoView/Package Info/Header/HighlightScalarContainer/Vertical Stack/Point Cost/RimeStackContainer/Stack FlowDirectionContainer/Horizontal Stack/Progress Shapes/CurrentProgressContainer	RimeContainerElementData	CurrentProgressContainer	common/ui/weapons/widgets/weaponpointcost		0.0	0.0	0.0	0.0	0.0	1.0	0.0	1.0	0.0	0.0	0.5	0.0	256.0	256.0	1	0	1	0	0	0	0					-328.000	641.165	64.000	18.000	content	stretch	yes
common/ui/weapons/screens/menuweaponscreen	16	Default/ScreenContainer/MetaCustomization_GridView/ScreenContainer/VStack/MetaCustomization_GridInfoView/Package Info/Header/HighlightScalarContainer/Vertical Stack/Point Cost/RimeStackContainer/Stack FlowDirectionContainer/Horizontal Stack/Progress Shapes/CurrentProgressContainer/CurrentProgressBottomShape	RimeRepeatShapeElementData	CurrentProgressBottomShape	common/ui/weapons/widgets/weaponpointcost		0.0	0.0	0.0	0.0	0.0	1.0	0.0	1.0	0.0	0.0	0.5	0.0	64.0	256.0	0	0	1	0	0	0	0					-328.000	641.165	64.000	18.000	authored	stretch	yes
common/ui/weapons/screens/menuweaponscreen	16	Default/ScreenContainer/MetaCustomization_GridView/ScreenContainer/VStack/MetaCustomization_GridInfoView/Package Info/Header/HighlightScalarContainer/Vertical Stack/Point Cost/RimeStackContainer/Stack FlowDirectionContainer/Horizontal Stack/Progress Shapes/CurrentProgressContainer/CurrentProgressTopShape	RimeRepeatShapeElementData	CurrentProgressTopShape	common/ui/weapons/widgets/weaponpointcost		0.0	0.0	0.0	0.0	0.0	1.0	0.0	1.0	0.0	0.0	0.5	0.0	64.0	256.0	0	0	1	0	0	0	0					-328.000	641.165	64.000	18.000	authored	stretch	yes
common/ui/weapons/screens/menuweaponscreen	12	Default/ScreenContainer/MetaCustomization_GridView/ScreenContainer/VStack/MetaCustomization_GridInfoView/Package Info/Header/HighlightScalarContainer/Vertical Stack/Point Cost/RimeStackContainer/RimeStackContainer	RimeStackContainerElementData	RimeStackContainer	common/ui/weapons/widgets/weaponpointcost		0.0	1.0	0.0	0.0	0.5	0.0	0.0	0.0	40.0	-40.0	0.0	1.0	256.0	256.0	0	1	1	0	0	0	0	0	8.0	0	0	-580.000	674.165	520.000	256.000	stretch	content	no
common/ui/weapons/screens/menuweaponscreen	13	Default/ScreenContainer/MetaCustomization_GridView/ScreenContainer/VStack/MetaCustomization_GridInfoView/Package Info/Header/HighlightScalarContainer/Vertical Stack/Point Cost/RimeStackContainer/RimeStackContainer/CostLabel	RimeLabelElementData	CostLabel	common/ui/weapons/widgets/weaponpointcost		0.5	0.5	0.0	0.0	0.5	1.0	0.0	0.0	0.0	0.0	0.0	1.0	256.0	256.0	1	1	1	0	0	0	0					-580.000	674.165	256.000	256.000	content	content	no
common/ui/weapons/screens/menuweaponscreen	13	Default/ScreenContainer/MetaCustomization_GridView/ScreenContainer/VStack/MetaCustomization_GridInfoView/Package Info/Header/HighlightScalarContainer/Vertical Stack/Point Cost/RimeStackContainer/RimeStackContainer/NoPointAvailable	RimeLabelElementData	NoPointAvailable	common/ui/weapons/widgets/weaponpointcost		0.5	0.5	0.0	0.0	0.5	1.0	0.0	0.0	0.0	0.0	0.0	1.0	256.0	256.0	1	1	0	0	0	0	0					-316.000	674.165	256.000	256.000	content	content	no
common/ui/weapons/screens/menuweaponscreen	12	Default/ScreenContainer/MetaCustomization_GridView/ScreenContainer/VStack/MetaCustomization_GridInfoView/Package Info/Header/HighlightScalarContainer/Vertical Stack/Point Cost/RimeStackContainer/CostNumLabel	RimeLabelElementData	CostNumLabel	common/ui/weapons/widgets/weaponpointcost		0.0	1.0	0.0	0.0	0.5	0.0	0.0	0.0	0.0	0.0	0.0	1.0	256.0	256.0	0	1	0	0	0	0	0					-580.000	938.165	520.000	256.000	stretch	content	no
common/ui/weapons/screens/menuweaponscreen	10	Default/ScreenContainer/MetaCustomization_GridView/ScreenContainer/VStack/MetaCustomization_GridInfoView/Package Info/Header/HighlightScalarContainer/Vertical Stack/Tags FlowDirectionContainer	RimeContainerElementData	Tags FlowDirectionContainer	common/ui/weapons/widgets/weaponinfoheader		0.0	1.0	0.0	0.0	0.5	0.0	0.0	0.0	0.0	0.0	0.0	1.0	256.0	256.0	1	1	0	0	16	0	0					290.500	767.165	135.000	272.000	content	content	no
common/ui/weapons/screens/menuweaponscreen	11	Default/ScreenContainer/MetaCustomization_GridView/ScreenContainer/VStack/MetaCustomization_GridInfoView/Package Info/Header/HighlightScalarContainer/Vertical Stack/Tags FlowDirectionContainer/TagLabelsList	2420ee41-1c4d-38bd-4203-777f31cf9c9a	TagLabelsList	common/ui/weapons/widgets/weaponinfoheader		0.0	0.0	0.0	0.0	0.0	1.0	1.0	1.0	0.0	0.0	1.0	1.0	135.0	256.0	1	1	1	0	0	0	0					290.500	783.165	135.000	256.000	content	content	no
common/ui/weapons/screens/menuweaponscreen	10	Default/ScreenContainer/MetaCustomization_GridView/ScreenContainer/VStack/MetaCustomization_GridInfoView/Package Info/Header/HighlightScalarContainer/Vertical Stack/Description Container	RimeContainerElementData	Description Container	common/ui/weapons/widgets/weaponinfoheader		0.0	1.0	0.0	0.0	0.5	0.0	0.0	0.0	256.0	-256.0	0.0	1.0	488.0	256.0	1	1	1	0	16	0	0					358.000	1039.165	0.000	32.000	content	content	no
common/ui/weapons/screens/menuweaponscreen	11	Default/ScreenContainer/MetaCustomization_GridView/ScreenContainer/VStack/MetaCustomization_GridInfoView/Package Info/Header/HighlightScalarContainer/Vertical Stack/Description Container/Description	RimeLabelElementData	Description	common/ui/weapons/widgets/weaponinfoheader		0.0	1.0	0.0	0.0	0.5	0.0	0.0	0.0	0.0	0.0	0.0	1.0	600.0	16.0	0	1	1	0	0	0	0					358.000	1055.165	0.000	16.000	stretch	content	no
common/ui/weapons/screens/menuweaponscreen	10	Default/ScreenContainer/MetaCustomization_GridView/ScreenContainer/VStack/MetaCustomization_GridInfoView/Package Info/Header/HighlightScalarContainer/Vertical Stack/RecoStack	RimeStackContainerElementData	RecoStack	common/ui/weapons/widgets/weaponinfoheader		0.0	1.0	0.0	0.0	0.5	0.0	0.0	0.0	443.0	-443.0	0.0	1.0	256.0	256.0	0	1	1	0	16	0	0	1	16.0	0	0	-580.000	1071.165	1876.000	88.000	stretch	content	no
common/ui/weapons/screens/menuweaponscreen	11	Default/ScreenContainer/MetaCustomization_GridView/ScreenContainer/VStack/MetaCustomization_GridInfoView/Package Info/Header/HighlightScalarContainer/Vertical Stack/RecoStack/RecommendationTag	ca959de9-1107-7900-4a87-49f1b9a90f90	RecommendationTag	common/ui/weapons/widgets/weaponinfoheader	common/ui/componentlibrary/components/labels/cl_tag	0.0	0.0	0.0	0.0	0.0	1.0	0.5	0.5	0.0	0.0	0.5	1.0	162.0	24.0	1	1	0	0	0	0	0					-580.000	1087.165	162.000	24.000	content	content	no
common/ui/weapons/screens/menuweaponscreen	12	Default/ScreenContainer/MetaCustomization_GridView/ScreenContainer/VStack/MetaCustomization_GridInfoView/Package Info/Header/HighlightScalarContainer/Vertical Stack/RecoStack/RecommendationTag/FlowDirectionTag	RimeContainerElementData	FlowDirectionTag	common/ui/componentlibrary/components/labels/cl_tag		0.0	0.0	0.0	0.0	0.0	1.0	0.5	0.5	0.0	0.0	0.5	1.0	256.0	256.0	1	1	1	0	0	0	0					-580.000	1087.165	160.000	24.000	content	content	no
common/ui/weapons/screens/menuweaponscreen	13	Default/ScreenContainer/MetaCustomization_GridView/ScreenContainer/VStack/MetaCustomization_GridInfoView/Package Info/Header/HighlightScalarContainer/Vertical Stack/RecoStack/RecommendationTag/FlowDirectionTag/[RimeBorder ] FullBorder	RimeBorderElementData	[RimeBorder ] FullBorder	common/ui/componentlibrary/components/labels/cl_tag		0.0	1.0	0.0	0.0	0.5	0.0	0.0	1.0	0.0	0.0	0.5	0.0	256.0	256.0	0	0	0	0	0	0	0					-580.000	1087.165	160.000	24.000	stretch	stretch	yes
common/ui/weapons/screens/menuweaponscreen	13	Default/ScreenContainer/MetaCustomization_GridView/ScreenContainer/VStack/MetaCustomization_GridInfoView/Package Info/Header/HighlightScalarContainer/Vertical Stack/RecoStack/RecommendationTag/FlowDirectionTag/[CB_TagFillVisual] Background	ca959de9-1107-7900-4a87-49f1b9a90f90	[CB_TagFillVisual] Background	common/ui/componentlibrary/components/labels/cl_tag	common/ui/componentlibrary/shared/visual/cb_tagfillvisual	0.0	1.0	0.0	0.0	0.5	0.0	0.0	1.0	0.0	0.0	0.5	0.0	162.0	40.0	0	0	1	0	0	0	0					-580.000	1087.165	160.000	24.000	stretch	stretch	yes
common/ui/weapons/screens/menuweaponscreen	14	Default/ScreenContainer/MetaCustomization_GridView/ScreenContainer/VStack/MetaCustomization_GridInfoView/Package Info/Header/HighlightScalarContainer/Vertical Stack/RecoStack/RecommendationTag/FlowDirectionTag/[CB_TagFillVisual] Background/FlowDirectionContainer	RimeContainerElementData	FlowDirectionContainer	common/ui/componentlibrary/shared/visual/cb_tagfillvisual		0.0	1.0	0.0	0.0	0.5	0.0	0.0	1.0	0.0	0.0	0.5	0.0	256.0	256.0	0	1	1	0	0	0	0					-580.000	1099.165	160.000	0.000	stretch	content	yes
common/ui/weapons/screens/menuweaponscreen	15	Default/ScreenContainer/MetaCustomization_GridView/ScreenContainer/VStack/MetaCustomization_GridInfoView/Package Info/Header/HighlightScalarContainer/Vertical Stack/RecoStack/RecommendationTag/FlowDirectionTag/[CB_TagFillVisual] Background/FlowDirectionContainer/[Fill] BlackBackground	RimeFillElementData	[Fill] BlackBackground	common/ui/componentlibrary/shared/visual/cb_tagfillvisual		0.0	1.0	0.0	0.0	0.5	0.0	0.0	1.0	0.0	0.0	0.5	0.0	256.0	256.0	0	0	1	0	0	0	0					-580.000	1099.165	160.000	0.000	stretch	stretch	yes
common/ui/weapons/screens/menuweaponscreen	15	Default/ScreenContainer/MetaCustomization_GridView/ScreenContainer/VStack/MetaCustomization_GridInfoView/Package Info/Header/HighlightScalarContainer/Vertical Stack/RecoStack/RecommendationTag/FlowDirectionTag/[CB_TagFillVisual] Background/FlowDirectionContainer/[Fill] NeutralOverlay	RimeFillElementData	[Fill] NeutralOverlay	common/ui/componentlibrary/shared/visual/cb_tagfillvisual		0.0	1.0	0.0	0.0	0.5	0.0	0.0	1.0	0.0	0.0	0.5	0.0	256.0	256.0	0	0	1	0	0	0	0					-580.000	1099.165	160.000	0.000	stretch	stretch	yes
common/ui/weapons/screens/menuweaponscreen	15	Default/ScreenContainer/MetaCustomization_GridView/ScreenContainer/VStack/MetaCustomization_GridInfoView/Package Info/Header/HighlightScalarContainer/Vertical Stack/RecoStack/RecommendationTag/FlowDirectionTag/[CB_TagFillVisual] Background/FlowDirectionContainer/[Line] ColoredAccent	RimeLineElementData	[Line] ColoredAccent	common/ui/componentlibrary/shared/visual/cb_tagfillvisual		0.0	0.0	0.0	0.0	0.0	1.0	0.0	1.0	0.0	0.0	0.5	0.0	2.0	256.0	0	0	1	0	0	0	0					-580.000	1099.165	2.000	0.000	authored	stretch	yes
common/ui/weapons/screens/menuweaponscreen	13	Default/ScreenContainer/MetaCustomization_GridView/ScreenContainer/VStack/MetaCustomization_GridInfoView/Package Info/Header/HighlightScalarContainer/Vertical Stack/RecoStack/RecommendationTag/FlowDirectionTag/[HStack] Content	RimeStackContainerElementData	[HStack] Content	common/ui/componentlibrary/components/labels/cl_tag		0.0	0.0	0.0	0.0	0.0	1.0	0.5	0.5	0.0	0.0	0.5	1.0	210.0	24.0	1	0	1	8	0	8	0	0	8.0	0	0	-580.000	1087.165	160.000	24.000	content	authored	no
common/ui/weapons/screens/menuweaponscreen	14	Default/ScreenContainer/MetaCustomization_GridView/ScreenContainer/VStack/MetaCustomization_GridInfoView/Package Info/Header/HighlightScalarContainer/Vertical Stack/RecoStack/RecommendationTag/FlowDirectionTag/[HStack] Content/[SVG] Icon	RimeSvgElementData	[SVG] Icon	common/ui/componentlibrary/components/labels/cl_tag		0.0	0.0	8.0	-8.0	0.0	1.0	0.5	0.5	0.0	0.0	0.5	1.0	16.0	16.0	0	0	1	0	0	0	0					-572.000	1091.165	16.000	16.000	authored	authored	yes
common/ui/weapons/screens/menuweaponscreen	14	Default/ScreenContainer/MetaCustomization_GridView/ScreenContainer/VStack/MetaCustomization_GridInfoView/Package Info/Header/HighlightScalarContainer/Vertical Stack/RecoStack/RecommendationTag/FlowDirectionTag/[HStack] Content/[Label] String	RimeLabelElementData	[Label] String	common/ui/componentlibrary/components/labels/cl_tag		0.5	0.5	0.0	0.0	0.5	1.0	0.5	0.5	0.0	0.0	0.5	1.0	120.0	26.0	1	1	1	0	0	0	0					-548.000	1086.165	120.000	26.000	content	content	no
common/ui/weapons/screens/menuweaponscreen	11	Default/ScreenContainer/MetaCustomization_GridView/ScreenContainer/VStack/MetaCustomization_GridInfoView/Package Info/Header/HighlightScalarContainer/Vertical Stack/RecoStack/MC_MasteryXP	ca959de9-1107-7900-4a87-49f1b9a90f90	MC_MasteryXP	common/ui/weapons/widgets/weaponinfoheader	common/ui/weapons/widgets/mc_masteryxp	0.0	0.0	0.0	0.0	0.0	1.0	0.5	0.5	0.0	0.0	0.5	1.0	256.0	32.0	1	0	0	0	0	0	0					-580.000	1127.165	256.000	32.000	content	authored	no
common/ui/weapons/screens/menuweaponscreen	12	Default/ScreenContainer/MetaCustomization_GridView/ScreenContainer/VStack/MetaCustomization_GridInfoView/Package Info/Header/HighlightScalarContainer/Vertical Stack/RecoStack/MC_MasteryXP/RimeContainer	RimeContainerElementData	RimeContainer	common/ui/weapons/widgets/mc_masteryxp		0.0	0.0	0.0	0.0	0.0	1.0	0.5	0.5	0.0	0.0	0.5	1.0	256.0	32.0	1	0	1	0	0	0	0					-580.000	1127.165	292.000	32.000	content	authored	no
common/ui/weapons/screens/menuweaponscreen	13	Default/ScreenContainer/MetaCustomization_GridView/ScreenContainer/VStack/MetaCustomization_GridInfoView/Package Info/Header/HighlightScalarContainer/Vertical Stack/RecoStack/MC_MasteryXP/RimeContainer/DarkBGFill	RimeFillElementData	DarkBGFill	common/ui/weapons/widgets/mc_masteryxp		0.0	1.0	0.0	0.0	0.5	0.0	0.0	1.0	0.0	0.0	0.5	0.0	256.0	256.0	0	0	1	0	0	0	0					-580.000	1127.165	292.000	32.000	stretch	stretch	yes
common/ui/weapons/screens/menuweaponscreen	13	Default/ScreenContainer/MetaCustomization_GridView/ScreenContainer/VStack/MetaCustomization_GridInfoView/Package Info/Header/HighlightScalarContainer/Vertical Stack/RecoStack/MC_MasteryXP/RimeContainer/BGFill	RimeFillElementData	BGFill	common/ui/weapons/widgets/mc_masteryxp		0.0	1.0	0.0	0.0	0.5	0.0	0.0	1.0	0.0	0.0	0.5	0.0	256.0	256.0	0	0	1	0	0	0	0					-580.000	1127.165	292.000	32.000	stretch	stretch	yes
common/ui/weapons/screens/menuweaponscreen	13	Default/ScreenContainer/MetaCustomization_GridView/ScreenContainer/VStack/MetaCustomization_GridInfoView/Package Info/Header/HighlightScalarContainer/Vertical Stack/RecoStack/MC_MasteryXP/RimeContainer/[Shape] BracketLeftRight	RimeVectorShapeElementData	[Shape] BracketLeftRight	common/ui/weapons/widgets/mc_masteryxp		0.0	1.0	0.0	0.0	0.5	0.0	0.0	1.0	0.0	0.0	0.5	0.0	256.0	256.0	0	0	1	0	0	0	0					-580.000	1127.165	292.000	32.000	stretch	stretch	yes
common/ui/weapons/screens/menuweaponscreen	13	Default/ScreenContainer/MetaCustomization_GridView/ScreenContainer/VStack/MetaCustomization_GridInfoView/Package Info/Header/HighlightScalarContainer/Vertical Stack/RecoStack/MC_MasteryXP/RimeContainer/XpBoostContainer	RimeStackContainerElementData	XpBoostContainer	common/ui/weapons/widgets/mc_masteryxp		0.0	0.0	0.0	0.0	0.0	1.0	0.5	0.5	0.0	0.0	0.5	1.0	278.0	256.0	1	1	1	16	0	16	0	0	8.0	0	0	-580.000	1015.165	292.000	256.000	content	content	no
common/ui/weapons/screens/menuweaponscreen	14	Default/ScreenContainer/MetaCustomization_GridView/ScreenContainer/VStack/MetaCustomization_GridInfoView/Package Info/Header/HighlightScalarContainer/Vertical Stack/RecoStack/MC_MasteryXP/RimeContainer/XpBoostContainer/XPBoostLabel	RimeLabelElementData	XPBoostLabel	common/ui/weapons/widgets/mc_masteryxp		0.5	0.5	0.0	0.0	0.5	1.0	0.5	0.5	-1.0	1.0	0.5	1.0	120.0	30.0	1	1	1	0	0	0	0					-564.000	1127.165	120.000	30.000	content	content	no
common/ui/weapons/screens/menuweaponscreen	14	Default/ScreenContainer/MetaCustomization_GridView/ScreenContainer/VStack/MetaCustomization_GridInfoView/Package Info/Header/HighlightScalarContainer/Vertical Stack/RecoStack/MC_MasteryXP/RimeContainer/XpBoostContainer/Divider	RimeFillElementData	Divider	common/ui/weapons/widgets/mc_masteryxp		0.0	0.0	0.0	0.0	0.0	1.0	0.0	1.0	-4.0	-4.0	0.5	0.0	2.0	256.0	0	0	1	0	0	0	0					-436.000	1011.165	2.000	264.000	authored	stretch	yes
common/ui/weapons/screens/menuweaponscreen	14	Default/ScreenContainer/MetaCustomization_GridView/ScreenContainer/VStack/MetaCustomization_GridInfoView/Package Info/Header/HighlightScalarContainer/Vertical Stack/RecoStack/MC_MasteryXP/RimeContainer/XpBoostContainer/CL_ActiveWithTimer	ca959de9-1107-7900-4a87-49f1b9a90f90	CL_ActiveWithTimer	common/ui/weapons/widgets/mc_masteryxp	common/ui/componentlibrary/components/labels/cl_activewithtimer	0.0	0.0	200.0	-200.0	0.0	1.0	0.5	0.5	0.0	0.0	0.5	1.0	122.0	24.0	1	1	1	0	0	0	0					-426.000	1131.165	122.000	24.000	content	content	no
common/ui/weapons/screens/menuweaponscreen	15	Default/ScreenContainer/MetaCustomization_GridView/ScreenContainer/VStack/MetaCustomization_GridInfoView/Package Info/Header/HighlightScalarContainer/Vertical Stack/RecoStack/MC_MasteryXP/RimeContainer/XpBoostContainer/CL_ActiveWithTimer/CL_Rectangle_Glow	ca959de9-1107-7900-4a87-49f1b9a90f90	CL_Rectangle_Glow	common/ui/componentlibrary/components/labels/cl_activewithtimer	common/ui/componentlibrary/shared/visual/cl_rectangle_glow	0.0	1.0	0.0	0.0	0.5	0.0	0.0	1.0	0.0	0.0	0.5	0.0	40.0	40.0	0	0	1	0	0	0	0					-426.000	1131.165	122.000	24.000	stretch	stretch	yes
common/ui/weapons/screens/menuweaponscreen	16	Default/ScreenContainer/MetaCustomization_GridView/ScreenContainer/VStack/MetaCustomization_GridInfoView/Package Info/Header/HighlightScalarContainer/Vertical Stack/RecoStack/MC_MasteryXP/RimeContainer/XpBoostContainer/CL_ActiveWithTimer/CL_Rectangle_Glow/BGFill	RimeFillElementData	BGFill	common/ui/componentlibrary/shared/visual/cl_rectangle_glow		0.0	1.0	0.0	0.0	0.5	0.0	0.0	1.0	0.0	0.0	0.5	0.0	256.0	256.0	0	0	1	0	0	0	0					-426.000	1131.165	122.000	24.000	stretch	stretch	yes
common/ui/weapons/screens/menuweaponscreen	16	Default/ScreenContainer/MetaCustomization_GridView/ScreenContainer/VStack/MetaCustomization_GridInfoView/Package Info/Header/HighlightScalarContainer/Vertical Stack/RecoStack/MC_MasteryXP/RimeContainer/XpBoostContainer/CL_ActiveWithTimer/CL_Rectangle_Glow/FIllGlow	RimeVectorShapeElementData	FIllGlow	common/ui/componentlibrary/shared/visual/cl_rectangle_glow		0.0	1.0	4.0	4.0	0.5	0.0	0.5	0.5	0.0	0.0	0.5	1.0	256.0	24.0	0	0	1	0	0	0	0					-422.000	1131.165	114.000	24.000	stretch	authored	yes
common/ui/weapons/screens/menuweaponscreen	16	Default/ScreenContainer/MetaCustomization_GridView/ScreenContainer/VStack/MetaCustomization_GridInfoView/Package Info/Header/HighlightScalarContainer/Vertical Stack/RecoStack/MC_MasteryXP/RimeContainer/XpBoostContainer/CL_ActiveWithTimer/CL_Rectangle_Glow/Outline	RimeVectorShapeElementData	Outline	common/ui/componentlibrary/shared/visual/cl_rectangle_glow		0.0	1.0	0.0	0.0	0.5	0.0	0.0	1.0	0.0	0.0	0.5	0.0	256.0	256.0	0	0	1	0	0	0	0					-426.000	1131.165	122.000	24.000	stretch	stretch	yes
common/ui/weapons/screens/menuweaponscreen	15	Default/ScreenContainer/MetaCustomization_GridView/ScreenContainer/VStack/MetaCustomization_GridInfoView/Package Info/Header/HighlightScalarContainer/Vertical Stack/RecoStack/MC_MasteryXP/RimeContainer/XpBoostContainer/CL_ActiveWithTimer/[Stack Container] Time & Icon	RimeStackContainerElementData	[Stack Container] Time & Icon	common/ui/componentlibrary/components/labels/cl_activewithtimer		0.5	0.5	0.0	0.0	0.5	1.0	0.5	0.5	0.0	0.0	0.5	1.0	106.0	256.0	1	1	1	4	2	4	2	0	4.0	0	0	-543.000	1132.165	356.000	22.000	content	content	no
common/ui/weapons/screens/menuweaponscreen	16	Default/ScreenContainer/MetaCustomization_GridView/ScreenContainer/VStack/MetaCustomization_GridInfoView/Package Info/Header/HighlightScalarContainer/Vertical Stack/RecoStack/MC_MasteryXP/RimeContainer/XpBoostContainer/CL_ActiveWithTimer/[Stack Container] Time & Icon/TimerIcon	RimeSvgElementData	TimerIcon	common/ui/componentlibrary/components/labels/cl_activewithtimer		0.0	0.0	4.0	-4.0	0.0	1.0	0.5	0.5	0.0	0.0	0.5	1.0	18.0	18.0	0	0	1	0	0	0	0					-539.000	1134.165	18.000	18.000	authored	authored	yes
common/ui/weapons/screens/menuweaponscreen	16	Default/ScreenContainer/MetaCustomization_GridView/ScreenContainer/VStack/MetaCustomization_GridInfoView/Package Info/Header/HighlightScalarContainer/Vertical Stack/RecoStack/MC_MasteryXP/RimeContainer/XpBoostContainer/CL_ActiveWithTimer/[Stack Container] Time & Icon/Days	RimeLabelElementData	Days	common/ui/componentlibrary/components/labels/cl_activewithtimer		0.5	0.5	0.0	0.0	0.5	1.0	0.5	0.5	0.0	0.0	0.5	1.0	106.0	16.0	1	1	1	0	0	0	0					-517.000	1135.165	106.000	16.000	content	content	no
common/ui/weapons/screens/menuweaponscreen	16	Default/ScreenContainer/MetaCustomization_GridView/ScreenContainer/VStack/MetaCustomization_GridInfoView/Package Info/Header/HighlightScalarContainer/Vertical Stack/RecoStack/MC_MasteryXP/RimeContainer/XpBoostContainer/CL_ActiveWithTimer/[Stack Container] Time & Icon/Hours	RimeLabelElementData	Hours	common/ui/componentlibrary/components/labels/cl_activewithtimer		0.5	0.5	0.0	0.0	0.5	1.0	0.5	0.5	0.0	0.0	0.5	1.0	106.0	16.0	1	1	1	0	0	0	0					-407.000	1135.165	106.000	16.000	content	content	no
common/ui/weapons/screens/menuweaponscreen	16	Default/ScreenContainer/MetaCustomization_GridView/ScreenContainer/VStack/MetaCustomization_GridInfoView/Package Info/Header/HighlightScalarContainer/Vertical Stack/RecoStack/MC_MasteryXP/RimeContainer/XpBoostContainer/CL_ActiveWithTimer/[Stack Container] Time & Icon/Minutes	RimeLabelElementData	Minutes	common/ui/componentlibrary/components/labels/cl_activewithtimer		0.5	0.5	0.0	0.0	0.5	1.0	0.5	0.5	0.0	0.0	0.5	1.0	106.0	16.0	1	1	1	0	0	0	0					-297.000	1135.165	106.000	16.000	content	content	no
common/ui/weapons/screens/menuweaponscreen	10	Default/ScreenContainer/MetaCustomization_GridView/ScreenContainer/VStack/MetaCustomization_GridInfoView/Package Info/Header/HighlightScalarContainer/Vertical Stack/LockInfo FlowDirectionContainer	RimeContainerElementData	LockInfo FlowDirectionContainer	common/ui/weapons/widgets/weaponinfoheader		0.0	1.0	0.0	0.0	0.5	0.0	0.0	0.0	0.0	0.0	0.0	1.0	256.0	56.0	1	0	0	0	16	0	0					164.000	1159.165	388.000	56.000	content	authored	no
common/ui/weapons/screens/menuweaponscreen	11	Default/ScreenContainer/MetaCustomization_GridView/ScreenContainer/VStack/MetaCustomization_GridInfoView/Package Info/Header/HighlightScalarContainer/Vertical Stack/LockInfo FlowDirectionContainer/Lock Info	ca959de9-1107-7900-4a87-49f1b9a90f90	Lock Info	common/ui/weapons/widgets/weaponinfoheader	common/ui/componentlibrary/components/indicators/cl_lockreason	0.0	0.0	0.0	0.0	0.0	1.0	0.0	0.0	0.0	0.0	0.0	1.0	388.0	40.0	1	0	1	0	0	0	0					164.000	1175.165	388.000	40.000	content	authored	no
common/ui/weapons/screens/menuweaponscreen	12	Default/ScreenContainer/MetaCustomization_GridView/ScreenContainer/VStack/MetaCustomization_GridInfoView/Package Info/Header/HighlightScalarContainer/Vertical Stack/LockInfo FlowDirectionContainer/Lock Info/DiceUIList	2420ee41-1c4d-38bd-4203-777f31cf9c9a	DiceUIList	common/ui/componentlibrary/components/indicators/cl_lockreason		0.0	1.0	0.0	0.0	0.5	0.0	0.0	1.0	0.0	0.0	0.5	0.0	256.0	256.0	1	1	1	0	0	0	0					230.000	1067.165	256.000	256.000	content	content	no
common/ui/weapons/screens/menuweaponscreen	11	Default/ScreenContainer/MetaCustomization_GridView/ScreenContainer/VStack/MetaCustomization_GridInfoView/Package Info/Header/HighlightScalarContainer/Vertical Stack/LockInfo FlowDirectionContainer/RestrictedReason	ca959de9-1107-7900-4a87-49f1b9a90f90	RestrictedReason	common/ui/weapons/widgets/weaponinfoheader	common/ui/componentlibrary/components/labels/cl_tag	0.0	0.0	0.0	0.0	0.0	1.0	0.0	0.0	0.0	0.0	0.0	1.0	162.0	40.0	1	1	0	0	0	0	0					164.000	1175.165	162.000	40.000	content	content	no
common/ui/weapons/screens/menuweaponscreen	12	Default/ScreenContainer/MetaCustomization_GridView/ScreenContainer/VStack/MetaCustomization_GridInfoView/Package Info/Header/HighlightScalarContainer/Vertical Stack/LockInfo FlowDirectionContainer/RestrictedReason/FlowDirectionTag	RimeContainerElementData	FlowDirectionTag	common/ui/componentlibrary/components/labels/cl_tag		0.0	0.0	0.0	0.0	0.0	1.0	0.5	0.5	0.0	0.0	0.5	1.0	256.0	256.0	1	1	1	0	0	0	0					164.000	1183.165	160.000	24.000	content	content	no
common/ui/weapons/screens/menuweaponscreen	13	Default/ScreenContainer/MetaCustomization_GridView/ScreenContainer/VStack/MetaCustomization_GridInfoView/Package Info/Header/HighlightScalarContainer/Vertical Stack/LockInfo FlowDirectionContainer/RestrictedReason/FlowDirectionTag/[RimeBorder ] FullBorder	RimeBorderElementData	[RimeBorder ] FullBorder	common/ui/componentlibrary/components/labels/cl_tag		0.0	1.0	0.0	0.0	0.5	0.0	0.0	1.0	0.0	0.0	0.5	0.0	256.0	256.0	0	0	0	0	0	0	0					164.000	1183.165	160.000	24.000	stretch	stretch	yes
common/ui/weapons/screens/menuweaponscreen	13	Default/ScreenContainer/MetaCustomization_GridView/ScreenContainer/VStack/MetaCustomization_GridInfoView/Package Info/Header/HighlightScalarContainer/Vertical Stack/LockInfo FlowDirectionContainer/RestrictedReason/FlowDirectionTag/[CB_TagFillVisual] Background	ca959de9-1107-7900-4a87-49f1b9a90f90	[CB_TagFillVisual] Background	common/ui/componentlibrary/components/labels/cl_tag	common/ui/componentlibrary/shared/visual/cb_tagfillvisual	0.0	1.0	0.0	0.0	0.5	0.0	0.0	1.0	0.0	0.0	0.5	0.0	162.0	40.0	0	0	1	0	0	0	0					164.000	1183.165	160.000	24.000	stretch	stretch	yes
common/ui/weapons/screens/menuweaponscreen	14	Default/ScreenContainer/MetaCustomization_GridView/ScreenContainer/VStack/MetaCustomization_GridInfoView/Package Info/Header/HighlightScalarContainer/Vertical Stack/LockInfo FlowDirectionContainer/RestrictedReason/FlowDirectionTag/[CB_TagFillVisual] Background/FlowDirectionContainer	RimeContainerElementData	FlowDirectionContainer	common/ui/componentlibrary/shared/visual/cb_tagfillvisual		0.0	1.0	0.0	0.0	0.5	0.0	0.0	1.0	0.0	0.0	0.5	0.0	256.0	256.0	0	1	1	0	0	0	0					164.000	1195.165	160.000	0.000	stretch	content	yes
common/ui/weapons/screens/menuweaponscreen	15	Default/ScreenContainer/MetaCustomization_GridView/ScreenContainer/VStack/MetaCustomization_GridInfoView/Package Info/Header/HighlightScalarContainer/Vertical Stack/LockInfo FlowDirectionContainer/RestrictedReason/FlowDirectionTag/[CB_TagFillVisual] Background/FlowDirectionContainer/[Fill] BlackBackground	RimeFillElementData	[Fill] BlackBackground	common/ui/componentlibrary/shared/visual/cb_tagfillvisual		0.0	1.0	0.0	0.0	0.5	0.0	0.0	1.0	0.0	0.0	0.5	0.0	256.0	256.0	0	0	1	0	0	0	0					164.000	1195.165	160.000	0.000	stretch	stretch	yes
common/ui/weapons/screens/menuweaponscreen	15	Default/ScreenContainer/MetaCustomization_GridView/ScreenContainer/VStack/MetaCustomization_GridInfoView/Package Info/Header/HighlightScalarContainer/Vertical Stack/LockInfo FlowDirectionContainer/RestrictedReason/FlowDirectionTag/[CB_TagFillVisual] Background/FlowDirectionContainer/[Fill] NeutralOverlay	RimeFillElementData	[Fill] NeutralOverlay	common/ui/componentlibrary/shared/visual/cb_tagfillvisual		0.0	1.0	0.0	0.0	0.5	0.0	0.0	1.0	0.0	0.0	0.5	0.0	256.0	256.0	0	0	1	0	0	0	0					164.000	1195.165	160.000	0.000	stretch	stretch	yes
common/ui/weapons/screens/menuweaponscreen	15	Default/ScreenContainer/MetaCustomization_GridView/ScreenContainer/VStack/MetaCustomization_GridInfoView/Package Info/Header/HighlightScalarContainer/Vertical Stack/LockInfo FlowDirectionContainer/RestrictedReason/FlowDirectionTag/[CB_TagFillVisual] Background/FlowDirectionContainer/[Line] ColoredAccent	RimeLineElementData	[Line] ColoredAccent	common/ui/componentlibrary/shared/visual/cb_tagfillvisual		0.0	0.0	0.0	0.0	0.0	1.0	0.0	1.0	0.0	0.0	0.5	0.0	2.0	256.0	0	0	1	0	0	0	0					164.000	1195.165	2.000	0.000	authored	stretch	yes
common/ui/weapons/screens/menuweaponscreen	13	Default/ScreenContainer/MetaCustomization_GridView/ScreenContainer/VStack/MetaCustomization_GridInfoView/Package Info/Header/HighlightScalarContainer/Vertical Stack/LockInfo FlowDirectionContainer/RestrictedReason/FlowDirectionTag/[HStack] Content	RimeStackContainerElementData	[HStack] Content	common/ui/componentlibrary/components/labels/cl_tag		0.0	0.0	0.0	0.0	0.0	1.0	0.5	0.5	0.0	0.0	0.5	1.0	210.0	24.0	1	0	1	8	0	8	0	0	8.0	0	0	164.000	1183.165	160.000	24.000	content	authored	no
common/ui/weapons/screens/menuweaponscreen	14	Default/ScreenContainer/MetaCustomization_GridView/ScreenContainer/VStack/MetaCustomization_GridInfoView/Package Info/Header/HighlightScalarContainer/Vertical Stack/LockInfo FlowDirectionContainer/RestrictedReason/FlowDirectionTag/[HStack] Content/[SVG] Icon	RimeSvgElementData	[SVG] Icon	common/ui/componentlibrary/components/labels/cl_tag		0.0	0.0	8.0	-8.0	0.0	1.0	0.5	0.5	0.0	0.0	0.5	1.0	16.0	16.0	0	0	1	0	0	0	0					172.000	1187.165	16.000	16.000	authored	authored	yes
common/ui/weapons/screens/menuweaponscreen	14	Default/ScreenContainer/MetaCustomization_GridView/ScreenContainer/VStack/MetaCustomization_GridInfoView/Package Info/Header/HighlightScalarContainer/Vertical Stack/LockInfo FlowDirectionContainer/RestrictedReason/FlowDirectionTag/[HStack] Content/[Label] String	RimeLabelElementData	[Label] String	common/ui/componentlibrary/components/labels/cl_tag		0.5	0.5	0.0	0.0	0.5	1.0	0.5	0.5	0.0	0.0	0.5	1.0	120.0	26.0	1	1	1	0	0	0	0					196.000	1182.165	120.000	26.000	content	content	no
common/ui/weapons/screens/menuweaponscreen	10	Default/ScreenContainer/MetaCustomization_GridView/ScreenContainer/VStack/MetaCustomization_GridInfoView/Package Info/Header/HighlightScalarContainer/Vertical Stack/Lists FlowDirectionContainer	RimeContainerElementData	Lists FlowDirectionContainer	common/ui/weapons/widgets/weaponinfoheader		0.0	1.0	0.0	0.0	0.5	0.0	0.0	0.0	0.0	0.0	0.0	1.0	256.0	256.0	1	1	1	0	24	0	0					218.500	1215.165	279.000	72.000	content	content	no
common/ui/weapons/screens/menuweaponscreen	11	Default/ScreenContainer/MetaCustomization_GridView/ScreenContainer/VStack/MetaCustomization_GridInfoView/Package Info/Header/HighlightScalarContainer/Vertical Stack/Lists FlowDirectionContainer/RimeStackContainer	RimeStackContainerElementData	RimeStackContainer	common/ui/weapons/widgets/weaponinfoheader		0.0	0.0	0.0	0.0	0.0	1.0	0.0	0.0	0.0	0.0	0.0	1.0	279.0	40.0	0	1	1	0	0	0	0	0	0.0	0	0	218.500	1239.165	279.000	48.000	authored	content	no
common/ui/weapons/screens/menuweaponscreen	12	Default/ScreenContainer/MetaCustomization_GridView/ScreenContainer/VStack/MetaCustomization_GridInfoView/Package Info/Header/HighlightScalarContainer/Vertical Stack/Lists FlowDirectionContainer/RimeStackContainer/LabelList	2420ee41-1c4d-38bd-4203-777f31cf9c9a	LabelList	common/ui/weapons/widgets/weaponinfoheader		0.5	0.5	16.0	-16.0	0.5	1.0	0.5	0.5	0.0	0.0	0.5	1.0	180.0	48.0	1	1	1	0	0	0	0					218.500	1239.165	180.000	48.000	content	content	no
common/ui/weapons/screens/menuweaponscreen	12	Default/ScreenContainer/MetaCustomization_GridView/ScreenContainer/VStack/MetaCustomization_GridInfoView/Package Info/Header/HighlightScalarContainer/Vertical Stack/Lists FlowDirectionContainer/RimeStackContainer/ButtonList	2420ee41-1c4d-38bd-4203-777f31cf9c9a	ButtonList	common/ui/weapons/widgets/weaponinfoheader		0.5	0.5	0.0	0.0	0.5	1.0	0.5	0.5	0.0	0.0	0.5	1.0	256.0	40.0	0	1	1	0	0	0	0					398.500	1243.165	256.000	40.000	authored	content	no
common/ui/weapons/screens/menuweaponscreen	9	Default/ScreenContainer/MetaCustomization_GridView/ScreenContainer/VStack/MetaCustomization_GridInfoView/Package Info/Header/HighlightScalarContainer/CL_SectionHighlighter	ca959de9-1107-7900-4a87-49f1b9a90f90	CL_SectionHighlighter	common/ui/weapons/widgets/weaponinfoheader	common/ui/componentlibrary/components/decorators/sectioning/cl_sectionhighlighter_vertical	0.0	0.0	0.0	0.0	0.0	1.0	0.0	1.0	0.0	0.0	0.5	0.0	2.0	248.0	0	1	1	0	-8	0	-24					-604.000	492.665	2.000	248.000	authored	content	no
common/ui/weapons/screens/menuweaponscreen	10	Default/ScreenContainer/MetaCustomization_GridView/ScreenContainer/VStack/MetaCustomization_GridInfoView/Package Info/Header/HighlightScalarContainer/CL_SectionHighlighter/[Shape] SideBracket	RimeVectorShapeElementData	[Shape] SideBracket	common/ui/componentlibrary/components/decorators/sectioning/cl_sectionhighlighter_vertical		0.0	1.0	0.0	0.0	0.5	0.0	0.0	1.0	0.0	0.0	0.5	0.0	256.0	256.0	0	0	1	0	0	0	0					-604.000	484.665	2.000	280.000	stretch	stretch	yes
common/ui/weapons/screens/menuweaponscreen	3	Default/ScreenContainer/MetaCustomization_GridView/BP_GreebleLine	ca959de9-1107-7900-4a87-49f1b9a90f90	BP_GreebleLine	common/ui/metacore/metacustomization/views/metacustomization_gridview	common/ui/componentlibrary/components/decorators/sectioning/cl_greebleline	0.0	0.0	16.0	-16.0	0.0	1.0	0.0	1.0	88.0	398.0	0.5	0.0	5.0	151.0	0	0	1	0	0	0	0					16.000	88.000	5.000	594.000	authored	stretch	yes
common/ui/weapons/screens/menuweaponscreen	4	Default/ScreenContainer/MetaCustomization_GridView/BP_GreebleLine/FlowDirectionContainer	RimeContainerElementData	FlowDirectionContainer	common/ui/componentlibrary/components/decorators/sectioning/cl_greebleline		0.0	1.0	0.0	0.0	0.5	0.0	0.0	1.0	0.0	0.0	0.5	0.0	256.0	256.0	0	0	1	0	0	0	0					16.000	88.000	5.000	594.000	stretch	stretch	yes
common/ui/weapons/screens/menuweaponscreen	5	Default/ScreenContainer/MetaCustomization_GridView/BP_GreebleLine/FlowDirectionContainer/[Line]  DashBottom	RimeLineElementData	[Line]  DashBottom	common/ui/componentlibrary/components/decorators/sectioning/cl_greebleline		0.0	0.0	32.0	-32.0	0.0	1.0	1.0	1.0	0.0	0.0	1.0	1.0	8.0	2.0	0	0	1	0	0	0	0					48.000	680.000	8.000	2.000	authored	authored	yes
common/ui/weapons/screens/menuweaponscreen	5	Default/ScreenContainer/MetaCustomization_GridView/BP_GreebleLine/FlowDirectionContainer/[VStack]	RimeStackContainerElementData	[VStack]	common/ui/componentlibrary/components/decorators/sectioning/cl_greebleline		0.0	0.0	0.0	0.0	0.0	1.0	0.0	1.0	0.0	0.0	0.5	0.0	256.0	256.0	1	0	1	0	0	0	0	1	4.0	2	1	16.000	88.000	16.000	594.000	content	stretch	no
common/ui/weapons/screens/menuweaponscreen	6	Default/ScreenContainer/MetaCustomization_GridView/BP_GreebleLine/FlowDirectionContainer/[VStack]/[Container] TopCap	RimeContainerElementData	[Container] TopCap	common/ui/componentlibrary/components/decorators/sectioning/cl_greebleline		0.0	0.0	0.0	0.0	0.0	1.0	0.0	0.0	0.0	0.0	0.0	1.0	16.0	16.0	1	1	1	0	0	0	0					16.000	88.000	16.000	16.000	content	content	no
common/ui/weapons/screens/menuweaponscreen	7	Default/ScreenContainer/MetaCustomization_GridView/BP_GreebleLine/FlowDirectionContainer/[VStack]/[Container] TopCap/[Shape] CapTop	RimeVectorShapeElementData	[Shape] CapTop	common/ui/componentlibrary/components/decorators/sectioning/cl_greebleline		0.0	0.0	0.0	0.0	0.0	1.0	0.0	0.0	0.0	0.0	0.0	1.0	5.0	5.0	0	0	1	0	0	0	0					16.000	88.000	5.000	5.000	authored	authored	yes
common/ui/weapons/screens/menuweaponscreen	7	Default/ScreenContainer/MetaCustomization_GridView/BP_GreebleLine/FlowDirectionContainer/[VStack]/[Container] TopCap/[SVG] CirclePlus	RimeSvgElementData	[SVG] CirclePlus	common/ui/componentlibrary/components/decorators/sectioning/cl_greebleline		0.0	0.0	0.0	0.0	0.5	1.0	0.0	0.0	0.0	0.0	0.5	1.0	16.0	16.0	0	0	0	0	0	0	0					8.000	80.000	16.000	16.000	authored	authored	yes
common/ui/weapons/screens/menuweaponscreen	6	Default/ScreenContainer/MetaCustomization_GridView/BP_GreebleLine/FlowDirectionContainer/[VStack]/[Line]	RimeLineElementData	[Line]	common/ui/componentlibrary/components/decorators/sectioning/cl_greebleline		0.0	0.0	0.0	0.0	0.0	1.0	0.0	0.0	0.0	0.0	0.0	1.0	1.0	78.0	0	0	1	0	0	0	0					16.000	351.500	1.000	78.000	authored	authored	yes
common/ui/weapons/screens/menuweaponscreen	6	Default/ScreenContainer/MetaCustomization_GridView/BP_GreebleLine/FlowDirectionContainer/[VStack]/[Container] BottomCap	RimeContainerElementData	[Container] BottomCap	common/ui/componentlibrary/components/decorators/sectioning/cl_greebleline		0.0	1.0	0.0	0.0	0.5	0.0	0.0	0.0	98.14814758300781	-98.14814758300781	0.0	1.0	5.0	1.8518524169921875	1	1	1	0	0	0	0					21.500	677.000	5.000	5.000	content	content	yes
common/ui/weapons/screens/menuweaponscreen	7	Default/ScreenContainer/MetaCustomization_GridView/BP_GreebleLine/FlowDirectionContainer/[VStack]/[Container] BottomCap/[Shape] CapBottom	RimeVectorShapeElementData	[Shape] CapBottom	common/ui/componentlibrary/components/decorators/sectioning/cl_greebleline		0.0	0.0	0.0	0.0	0.0	1.0	1.0	1.0	0.0	0.0	1.0	1.0	5.0	5.0	0	0	1	0	0	0	0					21.500	677.000	5.000	5.000	authored	authored	yes
common/ui/weapons/screens/menuweaponscreen	5	Default/ScreenContainer/MetaCustomization_GridView/BP_GreebleLine/FlowDirectionContainer/[Line]  DashTop	RimeLineElementData	[Line]  DashTop	common/ui/componentlibrary/components/decorators/sectioning/cl_greebleline		0.0	0.0	32.0	-32.0	0.0	1.0	0.0	0.0	0.0	0.0	0.0	1.0	8.0	2.0	0	0	1	0	0	0	0					48.000	88.000	8.000	2.000	authored	authored	yes
common/ui/weapons/screens/menuweaponscreen	2	Default/ScreenContainer/BP_GreebleLine	ca959de9-1107-7900-4a87-49f1b9a90f90	BP_GreebleLine	common/ui/weapons/screens/menuweaponscreen	common/ui/componentlibrary/components/decorators/sectioning/cl_greebleline	0.0	0.0	16.0	-16.0	0.0	1.0	0.0	1.0	88.0	398.0	0.5	0.0	5.0	151.0	0	0	1	0	0	0	0					16.000	88.000	5.000	594.000	authored	stretch	yes
common/ui/weapons/screens/menuweaponscreen	3	Default/ScreenContainer/BP_GreebleLine/FlowDirectionContainer	RimeContainerElementData	FlowDirectionContainer	common/ui/componentlibrary/components/decorators/sectioning/cl_greebleline		0.0	1.0	0.0	0.0	0.5	0.0	0.0	1.0	0.0	0.0	0.5	0.0	256.0	256.0	0	0	1	0	0	0	0					16.000	88.000	5.000	594.000	stretch	stretch	yes
common/ui/weapons/screens/menuweaponscreen	4	Default/ScreenContainer/BP_GreebleLine/FlowDirectionContainer/[Line]  DashBottom	RimeLineElementData	[Line]  DashBottom	common/ui/componentlibrary/components/decorators/sectioning/cl_greebleline		0.0	0.0	32.0	-32.0	0.0	1.0	1.0	1.0	0.0	0.0	1.0	1.0	8.0	2.0	0	0	1	0	0	0	0					48.000	680.000	8.000	2.000	authored	authored	yes
common/ui/weapons/screens/menuweaponscreen	4	Default/ScreenContainer/BP_GreebleLine/FlowDirectionContainer/[VStack]	RimeStackContainerElementData	[VStack]	common/ui/componentlibrary/components/decorators/sectioning/cl_greebleline		0.0	0.0	0.0	0.0	0.0	1.0	0.0	1.0	0.0	0.0	0.5	0.0	256.0	256.0	1	0	1	0	0	0	0	1	4.0	2	1	16.000	88.000	16.000	594.000	content	stretch	no
common/ui/weapons/screens/menuweaponscreen	5	Default/ScreenContainer/BP_GreebleLine/FlowDirectionContainer/[VStack]/[Container] TopCap	RimeContainerElementData	[Container] TopCap	common/ui/componentlibrary/components/decorators/sectioning/cl_greebleline		0.0	0.0	0.0	0.0	0.0	1.0	0.0	0.0	0.0	0.0	0.0	1.0	16.0	16.0	1	1	1	0	0	0	0					16.000	88.000	16.000	16.000	content	content	no
common/ui/weapons/screens/menuweaponscreen	6	Default/ScreenContainer/BP_GreebleLine/FlowDirectionContainer/[VStack]/[Container] TopCap/[Shape] CapTop	RimeVectorShapeElementData	[Shape] CapTop	common/ui/componentlibrary/components/decorators/sectioning/cl_greebleline		0.0	0.0	0.0	0.0	0.0	1.0	0.0	0.0	0.0	0.0	0.0	1.0	5.0	5.0	0	0	1	0	0	0	0					16.000	88.000	5.000	5.000	authored	authored	yes
common/ui/weapons/screens/menuweaponscreen	6	Default/ScreenContainer/BP_GreebleLine/FlowDirectionContainer/[VStack]/[Container] TopCap/[SVG] CirclePlus	RimeSvgElementData	[SVG] CirclePlus	common/ui/componentlibrary/components/decorators/sectioning/cl_greebleline		0.0	0.0	0.0	0.0	0.5	1.0	0.0	0.0	0.0	0.0	0.5	1.0	16.0	16.0	0	0	0	0	0	0	0					8.000	80.000	16.000	16.000	authored	authored	yes
common/ui/weapons/screens/menuweaponscreen	5	Default/ScreenContainer/BP_GreebleLine/FlowDirectionContainer/[VStack]/[Line]	RimeLineElementData	[Line]	common/ui/componentlibrary/components/decorators/sectioning/cl_greebleline		0.0	0.0	0.0	0.0	0.0	1.0	0.0	0.0	0.0	0.0	0.0	1.0	1.0	78.0	0	0	1	0	0	0	0					16.000	351.500	1.000	78.000	authored	authored	yes
common/ui/weapons/screens/menuweaponscreen	5	Default/ScreenContainer/BP_GreebleLine/FlowDirectionContainer/[VStack]/[Container] BottomCap	RimeContainerElementData	[Container] BottomCap	common/ui/componentlibrary/components/decorators/sectioning/cl_greebleline		0.0	1.0	0.0	0.0	0.5	0.0	0.0	0.0	98.14814758300781	-98.14814758300781	0.0	1.0	5.0	1.8518524169921875	1	1	1	0	0	0	0					21.500	677.000	5.000	5.000	content	content	yes
common/ui/weapons/screens/menuweaponscreen	6	Default/ScreenContainer/BP_GreebleLine/FlowDirectionContainer/[VStack]/[Container] BottomCap/[Shape] CapBottom	RimeVectorShapeElementData	[Shape] CapBottom	common/ui/componentlibrary/components/decorators/sectioning/cl_greebleline		0.0	0.0	0.0	0.0	0.0	1.0	1.0	1.0	0.0	0.0	1.0	1.0	5.0	5.0	0	0	1	0	0	0	0					21.500	677.000	5.000	5.000	authored	authored	yes
common/ui/weapons/screens/menuweaponscreen	4	Default/ScreenContainer/BP_GreebleLine/FlowDirectionContainer/[Line]  DashTop	RimeLineElementData	[Line]  DashTop	common/ui/componentlibrary/components/decorators/sectioning/cl_greebleline		0.0	0.0	32.0	-32.0	0.0	1.0	0.0	0.0	0.0	0.0	0.0	1.0	8.0	2.0	0	0	1	0	0	0	0					48.000	88.000	8.000	2.000	authored	authored	yes
common/ui/weapons/screens/menuweaponscreen	2	Default/ScreenContainer/MetaCustomization_FilterTabsView	ca959de9-1107-7900-4a87-49f1b9a90f90	MetaCustomization_FilterTabsView	common/ui/weapons/screens/menuweaponscreen	common/ui/metacore/metacustomization/metacustomization_filtertabsview	0.0	1.0	0.0	0.0	0.5	0.0	0.0	1.0	0.0	0.0	0.5	0.0	1920.0	1080.0	0	0	1	0	0	0	0					0.000	0.000	1920.000	1080.000	stretch	stretch	yes
common/ui/weapons/screens/menuweaponscreen	3	Default/ScreenContainer/MetaCustomization_FilterTabsView/ScreenContainer	RimeContainerElementData	ScreenContainer	common/ui/metacore/metacustomization/metacustomization_filtertabsview		0.5	0.5	0.0	0.0	0.5	1.0	1.0	1.0	0.0	0.0	1.0	1.0	1920.0	1080.0	0	0	1	0	0	0	0					0.000	0.000	1920.000	1080.000	authored	authored	yes
common/ui/weapons/screens/menuweaponscreen	4	Default/ScreenContainer/MetaCustomization_FilterTabsView/ScreenContainer/NavigationTabs	2420ee41-1c4d-38bd-4203-777f31cf9c9a	NavigationTabs	common/ui/metacore/metacustomization/metacustomization_filtertabsview		0.0	0.0	64.0	-64.0	0.0	1.0	1.0	1.0	-406.0	406.0	1.0	1.0	1082.0	40.0	1	0	1	0	0	0	0					64.000	634.000	1082.000	40.000	content	authored	no
